315579433	1980-01-01 13:57:13	8171	6.543
315579433	1980-01-01 13:57:13	2eff	6.051
315579433	1980-01-01 13:57:13	eb38	2.023
315579433	1980-01-01 13:57:13	8171	6.388
315579433	1980-01-01 13:57:13	2eff	6.679
315579433	1980-01-01 13:57:13	eb38	2.018
315579434	1980-01-01 13:57:14	8171	6.332
315579434	1980-01-01 13:57:14	2eff	6.341
315579434	1980-01-01 13:57:14	eb38	2.079
315579434	1980-01-01 13:57:14	8171	6.29
315579434	1980-01-01 13:57:14	2eff	6.374
315579434	1980-01-01 13:57:14	eb38	2.065
315579435	1980-01-01 13:57:15	8171	6.276
315579435	1980-01-01 13:57:15	2eff	5.849
315579435	1980-01-01 13:57:15	eb38	2.037
315579435	1980-01-01 13:57:15	8171	6.295
315579435	1980-01-01 13:57:15	2eff	6.89
315579435	1980-01-01 13:57:15	eb38	2.032
315579436	1980-01-01 13:57:16	8171	6.328
315579436	1980-01-01 13:57:16	2eff	6.726
315579436	1980-01-01 13:57:16	eb38	2.023
315579437	1980-01-01 13:57:17	8171	6.323
315579437	1980-01-01 13:57:17	2eff	6.646
315579437	1980-01-01 13:57:17	eb38	2.032
315579437	1980-01-01 13:57:17	8171	6.336
315579437	1980-01-01 13:57:17	2eff	6.103
315579437	1980-01-01 13:57:17	eb38	2.051
315579437	1980-01-01 13:57:17	8171	6.341
315579437	1980-01-01 13:57:17	2eff	6.206
315579437	1980-01-01 13:57:17	eb38	2.06
315579442	1980-01-01 13:57:22	8171	6.215
315579442	1980-01-01 13:57:22	2eff	6.178
315579442	1980-01-01 13:57:22	eb38	2.004
315579448	1980-01-01 13:57:28	8171	6.206
315579448	1980-01-01 13:57:28	2eff	8.118
315579448	1980-01-01 13:57:28	eb38	2.21
315579448	1980-01-01 13:57:28	8171	6.013
315579448	1980-01-01 13:57:28	2eff	7.279
315579448	1980-01-01 13:57:28	eb38	2.243
315579449	1980-01-01 13:57:29	8171	5.934
315579449	1980-01-01 13:57:29	eb38	3.151
315579449	1980-01-01 13:57:29	2eff	6.435
315579450	1980-01-01 13:57:30	8171	5.84
315579450	1980-01-01 13:57:30	2eff	6.449
315579450	1980-01-01 13:57:30	a304	9.336
315579450	1980-01-01 13:57:30	eb38	2.361
315579451	1980-01-01 13:57:31	8171	6.206
315579451	1980-01-01 13:57:31	2eff	6.73
315579451	1980-01-01 13:57:31	a304	9.425
315579451	1980-01-01 13:57:31	eb38	3.255
315579451	1980-01-01 13:57:31	8171	5.662
315579451	1980-01-01 13:57:31	2eff	7.274
315579451	1980-01-01 13:57:31	a304	9.416
315579451	1980-01-01 13:57:31	eb38	2.824
315579451	1980-01-01 13:57:31	2eff	7.274
315579451	1980-01-01 13:57:31	eb38	2.744
315579452	1980-01-01 13:57:32	8171	5.592
315579452	1980-01-01 13:57:32	2eff	7.218
315579452	1980-01-01 13:57:32	eb38	2.819
315579452	1980-01-01 13:57:32	a304	9.214
315579452	1980-01-01 13:57:32	8171	5.606
315579452	1980-01-01 13:57:32	2eff	7.119
315579452	1980-01-01 13:57:32	eb38	2.697
315579453	1980-01-01 13:57:33	8171	5.592
315579453	1980-01-01 13:57:33	2eff	7.241
315579453	1980-01-01 13:57:33	a304	9.139
315579453	1980-01-01 13:57:33	eb38	2.753
315579453	1980-01-01 13:57:33	8171	5.592
315579453	1980-01-01 13:57:33	2eff	7.293
315579453	1980-01-01 13:57:33	a304	9.251
315579453	1980-01-01 13:57:33	eb38	3.09
315579453	1980-01-01 13:57:33	8171	5.601
315579453	1980-01-01 13:57:33	2eff	7.279
315579453	1980-01-01 13:57:33	a304	9.28
315579453	1980-01-01 13:57:33	eb38	2.894
315579455	1980-01-01 13:57:35	8171	6.454
315579455	1980-01-01 13:57:35	2eff	7.494
315579455	1980-01-01 13:57:35	eb38	3.184
315579455	1980-01-01 13:57:35	a304	9.228
315579455	1980-01-01 13:57:35	8171	5.526
315579455	1980-01-01 13:57:35	2eff	7.452
315579455	1980-01-01 13:57:35	a304	9.265
315579455	1980-01-01 13:57:35	eb38	2.987
315579456	1980-01-01 13:57:36	8171	5.601
315579456	1980-01-01 13:57:36	a304	9.303
315579456	1980-01-01 13:57:36	2eff	7.419
315579456	1980-01-01 13:57:36	eb38	3.062
315579459	1980-01-01 13:57:39	8171	5.62
315579459	1980-01-01 13:57:39	a304	9.27
315579459	1980-01-01 13:57:39	eb38	3.095
315579459	1980-01-01 13:57:39	8171	5.667
315579459	1980-01-01 13:57:39	eb38	3.203
315579459	1980-01-01 13:57:39	2eff	7.504
315579459	1980-01-01 13:57:39	a304	9.298
315579464	1980-01-01 13:57:44	8171	5.601
315579464	1980-01-01 13:57:44	2eff	6.679
315579464	1980-01-01 13:57:44	a304	9.204
315579464	1980-01-01 13:57:44	eb38	3.442
315579469	1980-01-01 13:57:49	8171	5.7
315579469	1980-01-01 13:57:49	a304	9.35
315579469	1980-01-01 13:57:49	2eff	7.124
315579469	1980-01-01 13:57:49	eb38	2.931
315579474	1980-01-01 13:57:54	8171	5.662
315579474	1980-01-01 13:57:54	2eff	6.487
315579474	1980-01-01 13:57:54	eb38	2.907
315579474	1980-01-01 13:57:54	a304	9.34
315579480	1980-01-01 13:58:00	8171	5.629
315579480	1980-01-01 13:58:00	2eff	7.138
315579480	1980-01-01 13:58:00	a304	8.966
315579480	1980-01-01 13:58:00	eb38	2.833
315579481	1980-01-01 13:58:01	8171	5.62
315579481	1980-01-01 13:58:01	2eff	7.161
315579481	1980-01-01 13:58:01	a304	9.275
315579481	1980-01-01 13:58:01	eb38	2.968
315579485	1980-01-01 13:58:05	8171	5.606
315579485	1980-01-01 13:58:05	a304	9.308
315579485	1980-01-01 13:58:05	2eff	7.18
315579485	1980-01-01 13:58:05	eb38	2.772
315579487	1980-01-01 13:58:07	8171	5.845
315579487	1980-01-01 13:58:07	2eff	7.157
315579487	1980-01-01 13:58:07	a304	9.72
315579487	1980-01-01 13:58:07	eb38	2.674
315579489	1980-01-01 13:58:09	8171	5.714
315579489	1980-01-01 13:58:09	eb38	2.604
315579489	1980-01-01 13:58:09	2eff	6.956
315579489	1980-01-01 13:58:09	a304	10.549
315579489	1980-01-01 13:58:09	8171	6.416
315579489	1980-01-01 13:58:09	2eff	6.96
315579489	1980-01-01 13:58:09	a304	9.373
315579489	1980-01-01 13:58:09	eb38	2.795
315579490	1980-01-01 13:58:10	8171	5.62
315579490	1980-01-01 13:58:10	2eff	6.993
315579490	1980-01-01 13:58:10	a304	9.481
315579490	1980-01-01 13:58:10	eb38	2.847
315579490	1980-01-01 13:58:10	1fa0	7.344
315579490	1980-01-01 13:58:10	2eff	7.012
315579490	1980-01-01 13:58:10	a304	9.486
315579490	1980-01-01 13:58:10	eb38	2.903
315579490	1980-01-01 13:58:10	8171	5.681
315579490	1980-01-01 13:58:10	2eff	7.049
315579490	1980-01-01 13:58:10	a304	9.57
315579490	1980-01-01 13:58:10	eb38	2.903
315579491	1980-01-01 13:58:11	2eff	7.1
315579491	1980-01-01 13:58:11	eb38	2.899
315579491	1980-01-01 13:58:11	8171	5.672
315579491	1980-01-01 13:58:11	2eff	7.072
315579491	1980-01-01 13:58:11	eb38	2.885
315579493	1980-01-01 13:58:13	2eff	7.072
315579493	1980-01-01 13:58:13	eb38	2.838
315579493	1980-01-01 13:58:13	8171	6.388
315579493	1980-01-01 13:58:13	2eff	6.834
315579493	1980-01-01 13:58:13	eb38	2.828
315579496	1980-01-01 13:58:16	8171	5.573
315579496	1980-01-01 13:58:16	2eff	6.974
315579496	1980-01-01 13:58:16	eb38	2.885
315579496	1980-01-01 13:58:16	a304	9.467
315579497	1980-01-01 13:58:17	8171	5.606
315579497	1980-01-01 13:58:17	2eff	7.026
315579497	1980-01-01 13:58:17	a304	9.425
315579497	1980-01-01 13:58:17	eb38	2.856
315579498	1980-01-01 13:58:18	8171	5.667
315579498	1980-01-01 13:58:18	2eff	6.998
315579498	1980-01-01 13:58:18	a304	9.57
315579498	1980-01-01 13:58:18	eb38	2.58
315579499	1980-01-01 13:58:19	8171	6.796
315579499	1980-01-01 13:58:19	2eff	6.735
315579499	1980-01-01 13:58:19	eb38	3.386
315579499	1980-01-01 13:58:19	8171	7.62
315579499	1980-01-01 13:58:19	2eff	6.477
315579499	1980-01-01 13:58:19	eb38	2.356
315579500	1980-01-01 13:58:20	8171	7.068
315579500	1980-01-01 13:58:20	2eff	6.088
315579500	1980-01-01 13:58:20	6aca	9.973
315579500	1980-01-01 13:58:20	eb38	2.43
315579500	1980-01-01 13:58:20	8171	6.182
315579500	1980-01-01 13:58:20	2eff	5.995
315579500	1980-01-01 13:58:20	eb38	2.384
315579501	1980-01-01 13:58:21	8171	6.383
315579501	1980-01-01 13:58:21	2eff	6.201
315579501	1980-01-01 13:58:21	eb38	2.3
315579501	1980-01-01 13:58:21	8171	6.149
315579501	1980-01-01 13:58:21	2eff	6.328
315579501	1980-01-01 13:58:21	eb38	2.309
315579502	1980-01-01 13:58:22	8171	6.192
315579502	1980-01-01 13:58:22	2eff	6.145
315579502	1980-01-01 13:58:22	eb38	2.29
315579502	1980-01-01 13:58:22	8171	6.187
315579502	1980-01-01 13:58:22	2eff	6.215
315579502	1980-01-01 13:58:22	eb38	2.318
315579503	1980-01-01 13:58:23	8171	6.192
315579503	1980-01-01 13:58:23	2eff	6.182
315579503	1980-01-01 13:58:23	8171	6.834
315579503	1980-01-01 13:58:23	2eff	6.248
315579503	1980-01-01 13:58:23	eb38	2.304
315579504	1980-01-01 13:58:24	8171	6.093
315579504	1980-01-01 13:58:24	2eff	6.253
315579504	1980-01-01 13:58:24	eb38	2.281
315579504	1980-01-01 13:58:24	8171	6.234
315579504	1980-01-01 13:58:24	2eff	6.187
315579504	1980-01-01 13:58:24	eb38	2.262
315579509	1980-01-01 13:58:29	8171	6.314
315579509	1980-01-01 13:58:29	2eff	6.131
315579509	1980-01-01 13:58:29	eb38	2.365
315579509	1980-01-01 13:58:29	8171	6.262
315579509	1980-01-01 13:58:29	2eff	6.529
315579509	1980-01-01 13:58:29	a304	9.622
315579509	1980-01-01 13:58:29	eb38	2.505
315579510	1980-01-01 13:58:30	8171	6.426
315579510	1980-01-01 13:58:30	a304	10.029
315579510	1980-01-01 13:58:30	2eff	6.36
315579510	1980-01-01 13:58:30	eb38	2.543
315579510	1980-01-01 13:58:30	8171	6.351
315579510	1980-01-01 13:58:30	2eff	6.332
315579510	1980-01-01 13:58:30	a304	9.552
315579510	1980-01-01 13:58:30	eb38	2.515
315579511	1980-01-01 13:58:31	8171	6.421
315579511	1980-01-01 13:58:31	2eff	6.276
315579511	1980-01-01 13:58:31	eb38	2.566
315579511	1980-01-01 13:58:31	8171	6.411
315579511	1980-01-01 13:58:31	2eff	6.253
315579511	1980-01-01 13:58:31	eb38	2.59
315579513	1980-01-01 13:58:33	8171	6.505
315579513	1980-01-01 13:58:33	2eff	6.187
315579513	1980-01-01 13:58:33	eb38	2.468
315579513	1980-01-01 13:58:33	8171	7.078
315579513	1980-01-01 13:58:33	2eff	6.074
315579513	1980-01-01 13:58:33	eb38	2.613
315579513	1980-01-01 13:58:33	8171	6.538
315579513	1980-01-01 13:58:33	2eff	6.192
315579513	1980-01-01 13:58:33	eb38	2.623
315579514	1980-01-01 13:58:34	8171	6.613
315579514	1980-01-01 13:58:34	2eff	6.215
315579514	1980-01-01 13:58:34	eb38	2.585
315579514	1980-01-01 13:58:34	8171	6.712
315579514	1980-01-01 13:58:34	2eff	6.253
315579514	1980-01-01 13:58:34	eb38	2.59
315579514	1980-01-01 13:58:34	8171	6.787
315579514	1980-01-01 13:58:34	2eff	6.257
315579514	1980-01-01 13:58:34	eb38	2.576
315579514	1980-01-01 13:58:34	8171	6.838
315579514	1980-01-01 13:58:34	2eff	6.332
315579514	1980-01-01 13:58:34	eb38	2.571
315579519	1980-01-01 13:58:39	8171	6.271
315579519	1980-01-01 13:58:39	a304	9.842
315579519	1980-01-01 13:58:39	2eff	6.655
315579519	1980-01-01 13:58:39	eb38	1.607
315579520	1980-01-01 13:58:40	8171	6.117
315579520	1980-01-01 13:58:40	2eff	6.51
315579520	1980-01-01 13:58:40	eb38	1.892
315579520	1980-01-01 13:58:40	8171	5.995
315579520	1980-01-01 13:58:40	2eff	6.426
315579520	1980-01-01 13:58:40	eb38	1.803
315579521	1980-01-01 13:58:41	8171	6.018
315579521	1980-01-01 13:58:41	eb38	1.831
315579521	1980-01-01 13:58:41	2eff	6.472
315579521	1980-01-01 13:58:41	8171	6.14
315579521	1980-01-01 13:58:41	2eff	6.328
315579521	1980-01-01 13:58:41	a304	9.083
315579521	1980-01-01 13:58:41	eb38	1.948
315579523	1980-01-01 13:58:43	8171	6.074
315579523	1980-01-01 13:58:43	2eff	6.098
315579523	1980-01-01 13:58:43	eb38	1.952
315579523	1980-01-01 13:58:43	a304	9.247
315579523	1980-01-01 13:58:43	8171	5.924
315579523	1980-01-01 13:58:43	2eff	6.365
315579523	1980-01-01 13:58:43	eb38	1.789
315579523	1980-01-01 13:58:43	8171	6.079
315579523	1980-01-01 13:58:43	2eff	6.281
315579523	1980-01-01 13:58:43	eb38	1.92
315579524	1980-01-01 13:58:44	8171	5.934
315579524	1980-01-01 13:58:44	eb38	2.196
315579524	1980-01-01 13:58:44	2eff	6.295
315579524	1980-01-01 13:58:44	a304	9.552
315579524	1980-01-01 13:58:44	8171	5.91
315579524	1980-01-01 13:58:44	2eff	6.36
315579524	1980-01-01 13:58:44	a304	9.505
315579524	1980-01-01 13:58:44	eb38	2.206
315579524	1980-01-01 13:58:44	8171	5.91
315579524	1980-01-01 13:58:44	2eff	6.43
315579524	1980-01-01 13:58:44	a304	9.697
315579524	1980-01-01 13:58:44	eb38	2.295
315579525	1980-01-01 13:58:45	8171	6.027
315579525	1980-01-01 13:58:45	2eff	6.482
315579525	1980-01-01 13:58:45	a304	9.702
315579525	1980-01-01 13:58:45	eb38	1.962
315579525	1980-01-01 13:58:45	8171	6.14
315579525	1980-01-01 13:58:45	2eff	6.698
315579525	1980-01-01 13:58:45	eb38	2.145
315579526	1980-01-01 13:58:46	8171	6.126
315579526	1980-01-01 13:58:46	2eff	6.81
315579526	1980-01-01 13:58:46	eb38	2.028
315579526	1980-01-01 13:58:46	8171	6.149
315579526	1980-01-01 13:58:46	2eff	6.552
315579526	1980-01-01 13:58:46	eb38	2.004
315579527	1980-01-01 13:58:47	8171	6.824
315579527	1980-01-01 13:58:47	2eff	6.088
315579527	1980-01-01 13:58:47	eb38	1.92
315579527	1980-01-01 13:58:47	8171	7.077
315579527	1980-01-01 13:58:47	eb38	2.098
315579527	1980-01-01 13:58:47	2eff	6.726
315579528	1980-01-01 13:58:48	2eff	6.44
315579528	1980-01-01 13:58:48	eb38	1.943
315579528	1980-01-01 13:58:48	8171	6.674
315579528	1980-01-01 13:58:48	2eff	6.337
315579528	1980-01-01 13:58:48	eb38	1.812
315579529	1980-01-01 13:58:49	8171	6.599
315579529	1980-01-01 13:58:49	2eff	6.365
315579529	1980-01-01 13:58:49	eb38	1.812
315579529	1980-01-01 13:58:49	8171	6.355
315579529	1980-01-01 13:58:49	2eff	6.824
315579529	1980-01-01 13:58:49	eb38	1.967
315579530	1980-01-01 13:58:50	8171	6.295
315579530	1980-01-01 13:58:50	2eff	6.876
315579530	1980-01-01 13:58:50	a304	10.433
315579530	1980-01-01 13:58:50	eb38	1.883
315579530	1980-01-01 13:58:50	8171	6.295
315579530	1980-01-01 13:58:50	2eff	6.027
315579530	1980-01-01 13:58:50	a304	10.133
315579530	1980-01-01 13:58:50	eb38	1.92
315579531	1980-01-01 13:58:51	8171	6.426
315579531	1980-01-01 13:58:51	2eff	6.074
315579531	1980-01-01 13:58:51	eb38	1.93
315579531	1980-01-01 13:58:51	8171	6.346
315579531	1980-01-01 13:58:51	eb38	1.925
315579532	1980-01-01 13:58:52	8171	6.328
315579532	1980-01-01 13:58:52	2eff	6.881
315579532	1980-01-01 13:58:52	eb38	1.948
315579532	1980-01-01 13:58:52	8171	6.36
315579532	1980-01-01 13:58:52	2eff	6.871
315579532	1980-01-01 13:58:52	eb38	1.938
315579533	1980-01-01 13:58:53	8171	6.351
315579533	1980-01-01 13:58:53	2eff	6.862
315579533	1980-01-01 13:58:53	eb38	1.92
315579533	1980-01-01 13:58:53	8171	6.365
315579533	1980-01-01 13:58:53	2eff	6.44
315579533	1980-01-01 13:58:53	eb38	1.939
315579534	1980-01-01 13:58:54	8171	6.379
315579534	1980-01-01 13:58:54	eb38	1.93
315579534	1980-01-01 13:58:54	8171	6.351
315579534	1980-01-01 13:58:54	2eff	6.895
315579534	1980-01-01 13:58:54	eb38	1.906
315579537	1980-01-01 13:58:57	8171	6.346
315579537	1980-01-01 13:58:57	2eff	6.81
315579537	1980-01-01 13:58:57	eb38	1.939
315579537	1980-01-01 13:58:57	8171	6.351
315579537	1980-01-01 13:58:57	2eff	6.838
315579537	1980-01-01 13:58:57	eb38	1.938
315579540	1980-01-01 13:59:00	8171	6.824
315579540	1980-01-01 13:59:00	2eff	6.187
315579540	1980-01-01 13:59:00	eb38	1.971
315579547	1980-01-01 13:59:07	8171	6.782
315579547	1980-01-01 13:59:07	2eff	6.192
315579547	1980-01-01 13:59:07	eb38	1.901
315579550	1980-01-01 13:59:10	2eff	6.224
315579550	1980-01-01 13:59:10	eb38	1.92
315579550	1980-01-01 13:59:10	8171	6.665
315579555	1980-01-01 13:59:15	8171	6.693
315579555	1980-01-01 13:59:15	2eff	6.239
315579555	1980-01-01 13:59:15	eb38	1.916
315579561	1980-01-01 13:59:21	8171	6.81
315579561	1980-01-01 13:59:21	2eff	6.229
315579561	1980-01-01 13:59:21	eb38	1.887
315579566	1980-01-01 13:59:26	8171	6.773
315579566	1980-01-01 13:59:26	2eff	6.173
315579566	1980-01-01 13:59:26	eb38	1.906
315579570	1980-01-01 13:59:30	8171	6.74
315579570	1980-01-01 13:59:30	2eff	6.192
315579570	1980-01-01 13:59:30	eb38	1.92
315579576	1980-01-01 13:59:36	8171	6.899
315579576	1980-01-01 13:59:36	2eff	6.243
315579576	1980-01-01 13:59:36	eb38	1.911
315579580	1980-01-01 13:59:40	8171	6.716
315579580	1980-01-01 13:59:40	2eff	6.257
315579580	1980-01-01 13:59:40	eb38	1.887
315579585	1980-01-01 13:59:45	8171	6.791
315579585	1980-01-01 13:59:45	2eff	6.332
315579585	1980-01-01 13:59:45	eb38	1.873
315579597	1980-01-01 13:59:57	8171	6.801
315579597	1980-01-01 13:59:57	2eff	6.276
315579597	1980-01-01 13:59:57	eb38	1.892
315579598	1980-01-01 13:59:58	8171	6.702
315579598	1980-01-01 13:59:58	2eff	6.22
315579598	1980-01-01 13:59:58	eb38	1.723
315579598	1980-01-01 13:59:58	a304	9.453
315579599	1980-01-01 13:59:59	8171	6.66
315579599	1980-01-01 13:59:59	2eff	6.332
315579599	1980-01-01 13:59:59	a304	9.373
315579599	1980-01-01 13:59:59	eb38	1.756
315579599	1980-01-01 13:59:59	8171	6.234
315579599	1980-01-01 13:59:59	eb38	1.704
315579599	1980-01-01 13:59:59	2eff	6.571
315579599	1980-01-01 13:59:59	a304	9.533
315579600	1980-01-01 14:00:00	8171	6.336
315579600	1980-01-01 14:00:00	2eff	6.515
315579600	1980-01-01 14:00:00	a304	9.491
315579600	1980-01-01 14:00:00	eb38	1.719
315579600	1980-01-01 14:00:00	8171	6.458
315579600	1980-01-01 14:00:00	2eff	6.178
315579600	1980-01-01 14:00:00	eb38	1.938
315579601	1980-01-01 14:00:01	8171	6.576
315579601	1980-01-01 14:00:01	2eff	5.976
315579601	1980-01-01 14:00:01	eb38	2.032
315579601	1980-01-01 14:00:01	8171	6.599
315579601	1980-01-01 14:00:01	2eff	6.618
315579601	1980-01-01 14:00:01	eb38	2.023
315579602	1980-01-01 14:00:02	8171	6.548
315579602	1980-01-01 14:00:02	2eff	6.81
315579602	1980-01-01 14:00:02	eb38	2.037
315579603	1980-01-01 14:00:03	8171	6.543
315579603	1980-01-01 14:00:03	2eff	6.918
315579603	1980-01-01 14:00:03	eb38	2.018
315579603	1980-01-01 14:00:03	8171	6.505
315579603	1980-01-01 14:00:03	2eff	6.056
315579603	1980-01-01 14:00:03	eb38	2.018
315579604	1980-01-01 14:00:04	8171	6.627
315579604	1980-01-01 14:00:04	2eff	6.913
315579604	1980-01-01 14:00:04	eb38	2.032
315579604	1980-01-01 14:00:04	8171	6.585
315579604	1980-01-01 14:00:04	eb38	2.028
315579604	1980-01-01 14:00:04	2eff	7.054
315579609	1980-01-01 14:00:09	8171	6.421
315579609	1980-01-01 14:00:09	2eff	6.768
315579609	1980-01-01 14:00:09	eb38	2.056
315579610	1980-01-01 14:00:10	8171	6.318
315579610	1980-01-01 14:00:10	2eff	6.285
315579610	1980-01-01 14:00:10	a304	9.814
315579610	1980-01-01 14:00:10	eb38	1.751
315579610	1980-01-01 14:00:10	8171	6.482
315579610	1980-01-01 14:00:10	2eff	6.135
315579610	1980-01-01 14:00:10	a304	9.5
315579610	1980-01-01 14:00:10	eb38	1.878
315579611	1980-01-01 14:00:11	8171	6.037
315579611	1980-01-01 14:00:11	2eff	5.952
315579611	1980-01-01 14:00:11	eb38	2.126
315579611	1980-01-01 14:00:11	8171	5.938
315579611	1980-01-01 14:00:11	2eff	6.06
315579611	1980-01-01 14:00:11	eb38	2.43
315579612	1980-01-01 14:00:12	8171	5.981
315579612	1980-01-01 14:00:12	2eff	6.112
315579612	1980-01-01 14:00:12	eb38	2.398
315579612	1980-01-01 14:00:12	a304	8.994
315579612	1980-01-01 14:00:12	8171	5.999
315579612	1980-01-01 14:00:12	2eff	6.112
315579612	1980-01-01 14:00:12	a304	8.971
315579612	1980-01-01 14:00:12	eb38	2.328
315579613	1980-01-01 14:00:13	8171	5.995
315579613	1980-01-01 14:00:13	2eff	6.14
315579613	1980-01-01 14:00:13	eb38	2.328
315579613	1980-01-01 14:00:13	8171	5.981
315579613	1980-01-01 14:00:13	a304	8.989
315579613	1980-01-01 14:00:13	eb38	2.304
315579614	1980-01-01 14:00:14	8171	6.009
315579614	1980-01-01 14:00:14	a304	8.994
315579614	1980-01-01 14:00:14	eb38	2.281
315579614	1980-01-01 14:00:14	8171	5.971
315579614	1980-01-01 14:00:14	eb38	2.29
315579614	1980-01-01 14:00:14	a304	8.98
315579614	1980-01-01 14:00:14	2eff	6.098
315579614	1980-01-01 14:00:14	2eff	6.093
315579614	1980-01-01 14:00:14	2eff	6.079
315579616	1980-01-01 14:00:16	8171	5.981
315579616	1980-01-01 14:00:16	2eff	6.117
315579616	1980-01-01 14:00:16	eb38	2.3
315579616	1980-01-01 14:00:16	8171	5.976
315579616	1980-01-01 14:00:16	2eff	6.135
315579616	1980-01-01 14:00:16	eb38	2.3
315579616	1980-01-01 14:00:16	a304	8.961
315579617	1980-01-01 14:00:17	8171	5.995
315579617	1980-01-01 14:00:17	2eff	6.599
315579617	1980-01-01 14:00:17	eb38	2.093
315579618	1980-01-01 14:00:18	8171	6.374
315579618	1980-01-01 14:00:18	2eff	6.43
315579618	1980-01-01 14:00:18	eb38	2.103
315579618	1980-01-01 14:00:18	8171	6.791
315579618	1980-01-01 14:00:18	2eff	6.693
315579618	1980-01-01 14:00:18	eb38	1.911
315579618	1980-01-01 14:00:18	8171	6.791
315579618	1980-01-01 14:00:18	2eff	6.693
315579618	1980-01-01 14:00:18	eb38	1.962
315579619	1980-01-01 14:00:19	8171	6.51
315579619	1980-01-01 14:00:19	2eff	6.655
315579619	1980-01-01 14:00:19	eb38	2.004
315579620	1980-01-01 14:00:20	8171	6.505
315579620	1980-01-01 14:00:20	2eff	6.674
315579620	1980-01-01 14:00:20	eb38	2.009
315579620	1980-01-01 14:00:20	8171	6.458
315579620	1980-01-01 14:00:20	2eff	6.693
315579620	1980-01-01 14:00:20	a304	10.161
315579620	1980-01-01 14:00:20	eb38	2.009
315579621	1980-01-01 14:00:21	8171	6.472
315579621	1980-01-01 14:00:21	2eff	6.702
315579621	1980-01-01 14:00:21	eb38	2.018
315579621	1980-01-01 14:00:21	a304	10.175
315579621	1980-01-01 14:00:21	8171	6.44
315579621	1980-01-01 14:00:21	2eff	6.665
315579621	1980-01-01 14:00:21	a304	10.245
315579621	1980-01-01 14:00:21	eb38	2.004
315579621	1980-01-01 14:00:21	8171	6.458
315579621	1980-01-01 14:00:21	2eff	6.669
315579621	1980-01-01 14:00:21	a304	10.184
315579621	1980-01-01 14:00:21	eb38	1.99
315579622	1980-01-01 14:00:22	8171	6.463
315579622	1980-01-01 14:00:22	2eff	6.688
315579622	1980-01-01 14:00:22	a304	10.175
315579622	1980-01-01 14:00:22	eb38	1.967
315579622	1980-01-01 14:00:22	8171	6.468
315579622	1980-01-01 14:00:22	2eff	6.665
315579622	1980-01-01 14:00:22	eb38	1.99
315579626	1980-01-01 14:00:26	8171	6.032
315579626	1980-01-01 14:00:26	2eff	6.754
315579626	1980-01-01 14:00:26	eb38	2.149
315579626	1980-01-01 14:00:26	8171	6.135
315579626	1980-01-01 14:00:26	eb38	2.131
315579626	1980-01-01 14:00:26	2eff	7.078
315579627	1980-01-01 14:00:27	8171	6.112
315579627	1980-01-01 14:00:27	2eff	7.012
315579627	1980-01-01 14:00:27	eb38	2.121
315579627	1980-01-01 14:00:27	8171	6.103
315579627	1980-01-01 14:00:27	2eff	6.44
315579627	1980-01-01 14:00:27	eb38	2.22
315579628	1980-01-01 14:00:28	8171	6.027
315579628	1980-01-01 14:00:28	2eff	6.585
315579628	1980-01-01 14:00:28	eb38	2.14
315579628	1980-01-01 14:00:28	8171	6.281
315579628	1980-01-01 14:00:28	2eff	6.351
315579628	1980-01-01 14:00:28	eb38	1.836
315579629	1980-01-01 14:00:29	8171	6.763
315579629	1980-01-01 14:00:29	2eff	6.524
315579629	1980-01-01 14:00:29	eb38	1.939
315579630	1980-01-01 14:00:30	8171	6.632
315579630	1980-01-01 14:00:30	2eff	6.566
315579630	1980-01-01 14:00:30	eb38	1.93
315579630	1980-01-01 14:00:30	8171	6.472
315579630	1980-01-01 14:00:30	2eff	6.552
315579630	1980-01-01 14:00:30	eb38	1.934
315579630	1980-01-01 14:00:30	8171	6.576
315579630	1980-01-01 14:00:30	2eff	6.491
315579630	1980-01-01 14:00:30	eb38	1.92
315579631	1980-01-01 14:00:31	8171	6.449
315579631	1980-01-01 14:00:31	2eff	6.529
315579631	1980-01-01 14:00:31	eb38	1.92
315579631	1980-01-01 14:00:31	8171	6.06
315579631	1980-01-01 14:00:31	2eff	6.871
315579631	1980-01-01 14:00:31	eb38	2.074
315579632	1980-01-01 14:00:32	8171	6.013
315579632	1980-01-01 14:00:32	2eff	6.472
315579632	1980-01-01 14:00:32	eb38	2.182
315579632	1980-01-01 14:00:32	8171	6.103
315579632	1980-01-01 14:00:32	2eff	6.491
315579632	1980-01-01 14:00:32	eb38	2.697
315579633	1980-01-01 14:00:33	8171	5.952
315579633	1980-01-01 14:00:33	a304	9.514
315579633	1980-01-01 14:00:33	2eff	5.915
315579633	1980-01-01 14:00:33	eb38	2.706
315579633	1980-01-01 14:00:33	8171	5.863
315579633	1980-01-01 14:00:33	2eff	5.854
315579633	1980-01-01 14:00:33	eb38	2.519
315579634	1980-01-01 14:00:34	8171	5.812
315579634	1980-01-01 14:00:34	2eff	6.135
315579634	1980-01-01 14:00:34	eb38	2.131
315579634	1980-01-01 14:00:34	8171	5.639
315579634	1980-01-01 14:00:34	2eff	6.36
315579634	1980-01-01 14:00:34	a304	9.083
315579634	1980-01-01 14:00:34	eb38	2.248
315579635	1980-01-01 14:00:35	8171	5.859
315579635	1980-01-01 14:00:35	eb38	2.29
315579635	1980-01-01 14:00:35	2eff	6.379
315579635	1980-01-01 14:00:35	a304	8.858
315579635	1980-01-01 14:00:35	8171	5.896
315579635	1980-01-01 14:00:35	a304	10.17
315579635	1980-01-01 14:00:35	2eff	5.934
315579635	1980-01-01 14:00:35	eb38	2.669
315579636	1980-01-01 14:00:36	8171	5.84
315579636	1980-01-01 14:00:36	2eff	6.07
315579636	1980-01-01 14:00:36	a304	9.317
315579636	1980-01-01 14:00:36	eb38	2.403
315579636	1980-01-01 14:00:36	8171	6.051
315579636	1980-01-01 14:00:36	2eff	5.859
315579636	1980-01-01 14:00:36	eb38	2.501
315579637	1980-01-01 14:00:37	8171	6.074
315579637	1980-01-01 14:00:37	2eff	5.606
315579637	1980-01-01 14:00:37	eb38	2.356
315579637	1980-01-01 14:00:37	8171	6.009
315579637	1980-01-01 14:00:37	eb38	2.375
315579637	1980-01-01 14:00:37	2eff	5.794
315579638	1980-01-01 14:00:38	8171	6.046
315579638	1980-01-01 14:00:38	2eff	5.873
315579638	1980-01-01 14:00:38	eb38	2.487
315579638	1980-01-01 14:00:38	8171	6.182
315579638	1980-01-01 14:00:38	2eff	5.611
315579638	1980-01-01 14:00:38	eb38	2.323
315579639	1980-01-01 14:00:39	8171	6.098
315579639	1980-01-01 14:00:39	eb38	2.37
315579639	1980-01-01 14:00:39	2eff	6.065
315579639	1980-01-01 14:00:39	8171	6.018
315579639	1980-01-01 14:00:39	2eff	5.475
315579639	1980-01-01 14:00:39	a304	9.34
315579639	1980-01-01 14:00:39	eb38	2.613
315579640	1980-01-01 14:00:40	8171	5.971
315579640	1980-01-01 14:00:40	2eff	5.583
315579640	1980-01-01 14:00:40	eb38	2.697
315579640	1980-01-01 14:00:40	a304	8.309
315579640	1980-01-01 14:00:40	8171	5.99
315579640	1980-01-01 14:00:40	eb38	2.725
315579640	1980-01-01 14:00:40	2eff	5.573
315579640	1980-01-01 14:00:40	a304	8.272
315579644	1980-01-01 14:00:44	8171	4.402
315579644	1980-01-01 14:00:44	2eff	5.105
315579644	1980-01-01 14:00:44	eb38	4.027
315579644	1980-01-01 14:00:44	a304	7.147
315579644	1980-01-01 14:00:44	8171	5.222
315579644	1980-01-01 14:00:44	2eff	5.414
315579644	1980-01-01 14:00:44	eb38	4.838
315579645	1980-01-01 14:00:45	8171	5.25
315579645	1980-01-01 14:00:45	2eff	6.684
315579645	1980-01-01 14:00:45	a304	6.838
315579646	1980-01-01 14:00:46	8171	5.161
315579646	1980-01-01 14:00:46	2eff	5.147
315579646	1980-01-01 14:00:46	eb38	4.81
315579646	1980-01-01 14:00:46	8171	4.632
315579646	1980-01-01 14:00:46	a304	7.307
315579646	1980-01-01 14:00:46	2eff	5.255
315579646	1980-01-01 14:00:46	eb38	4.514
315579646	1980-01-01 14:00:46	8171	4.378
315579646	1980-01-01 14:00:46	2eff	5.17
315579646	1980-01-01 14:00:46	c492	6.29
315579646	1980-01-01 14:00:46	a304	7.157
315579647	1980-01-01 14:00:47	8171	5.264
315579647	1980-01-01 14:00:47	2eff	5.166
315579647	1980-01-01 14:00:47	c492	6.328
315579647	1980-01-01 14:00:47	8171	5.128
315579647	1980-01-01 14:00:47	eb38	4.491
315579647	1980-01-01 14:00:47	2eff	5.545
315579648	1980-01-01 14:00:48	8171	4.093
315579648	1980-01-01 14:00:48	2eff	5.302
315579648	1980-01-01 14:00:48	eb38	4.898
315579648	1980-01-01 14:00:48	a304	6.796
315579648	1980-01-01 14:00:48	8171	4.992
315579648	1980-01-01 14:00:48	2eff	5.264
315579648	1980-01-01 14:00:48	eb38	4.655
315579648	1980-01-01 14:00:48	a304	6.899
315579649	1980-01-01 14:00:49	8171	3.821
315579649	1980-01-01 14:00:49	2eff	5.292
315579649	1980-01-01 14:00:49	a304	6.956
315579649	1980-01-01 14:00:49	eb38	5.053
315579649	1980-01-01 14:00:49	8171	4.233
315579649	1980-01-01 14:00:49	2eff	5.189
315579649	1980-01-01 14:00:49	eb38	4.866
315579649	1980-01-01 14:00:49	8171	5.213
315579649	1980-01-01 14:00:49	a304	6.454
315579649	1980-01-01 14:00:49	2eff	5.199
315579649	1980-01-01 14:00:49	c492	6.397
315579650	1980-01-01 14:00:50	8171	4.791
315579650	1980-01-01 14:00:50	2eff	5.442
315579650	1980-01-01 14:00:50	a304	6.566
315579650	1980-01-01 14:00:50	eb38	4.538
315579652	1980-01-01 14:00:52	8171	5.002
315579652	1980-01-01 14:00:52	2eff	5.409
315579652	1980-01-01 14:00:52	a304	6.608
315579652	1980-01-01 14:00:52	eb38	4.5
315579652	1980-01-01 14:00:52	8171	4.378
315579652	1980-01-01 14:00:52	2eff	5.386
315579652	1980-01-01 14:00:52	a304	6.585
315579652	1980-01-01 14:00:52	eb38	4.552
315579657	1980-01-01 14:00:57	8171	4.959
315579657	1980-01-01 14:00:57	2eff	5.213
315579657	1980-01-01 14:00:57	a304	6.14
315579657	1980-01-01 14:00:57	eb38	4.884
315579662	1980-01-01 14:01:02	8171	4.355
315579662	1980-01-01 14:01:02	2eff	6.501
315579662	1980-01-01 14:01:02	eb38	4.467
315579667	1980-01-01 14:01:07	8171	4.065
315579667	1980-01-01 14:01:07	2eff	6.435
315579667	1980-01-01 14:01:07	6aca	11.543
315579672	1980-01-01 14:01:12	8171	3.633
315579672	1980-01-01 14:01:12	2eff	7.274
315579672	1980-01-01 14:01:12	eb38	4.125
315579674	1980-01-01 14:01:14	8171	3.76
315579674	1980-01-01 14:01:14	2eff	7.77
315579674	1980-01-01 14:01:14	6aca	12.007
315579674	1980-01-01 14:01:14	eb38	3.919
315579675	1980-01-01 14:01:15	8171	3.994
315579675	1980-01-01 14:01:15	6aca	12.176
315579675	1980-01-01 14:01:15	2eff	7.504
315579675	1980-01-01 14:01:15	eb38	3.896
315579676	1980-01-01 14:01:16	8171	4.022
315579676	1980-01-01 14:01:16	2eff	7.565
315579676	1980-01-01 14:01:16	6aca	11.993
315579676	1980-01-01 14:01:16	eb38	3.868
315579676	1980-01-01 14:01:16	8171	4.697
315579676	1980-01-01 14:01:16	2eff	7.537
315579676	1980-01-01 14:01:16	6aca	11.998
315579676	1980-01-01 14:01:16	eb38	3.774
315579676	1980-01-01 14:01:16	8171	4.331
315579676	1980-01-01 14:01:16	2eff	7.335
315579676	1980-01-01 14:01:16	eb38	3.629
315579677	1980-01-01 14:01:17	8171	4.552
315579677	1980-01-01 14:01:17	6aca	12.105
315579677	1980-01-01 14:01:17	2eff	7.368
315579677	1980-01-01 14:01:17	eb38	3.521
315579677	1980-01-01 14:01:17	2eff	7.565
315579677	1980-01-01 14:01:17	6aca	11.961
315579677	1980-01-01 14:01:17	eb38	3.46
315579677	1980-01-01 14:01:17	8171	4.697
315579677	1980-01-01 14:01:17	2eff	7.752
315579677	1980-01-01 14:01:17	6aca	12.021
315579677	1980-01-01 14:01:17	eb38	3.456
315579679	1980-01-01 14:01:19	8171	4.622
315579679	1980-01-01 14:01:19	6aca	12.091
315579679	1980-01-01 14:01:19	2eff	8.254
315579679	1980-01-01 14:01:19	eb38	3.432
315579679	1980-01-01 14:01:19	8171	4.912
315579679	1980-01-01 14:01:19	2eff	8.113
315579679	1980-01-01 14:01:19	eb38	3.451
315579679	1980-01-01 14:01:19	8171	4.341
315579679	1980-01-01 14:01:19	2eff	8.202
315579679	1980-01-01 14:01:19	eb38	3.437
315579679	1980-01-01 14:01:19	8171	4.926
315579679	1980-01-01 14:01:19	2eff	8.183
315579679	1980-01-01 14:01:19	eb38	3.446
315579684	1980-01-01 14:01:24	8171	5.044
315579684	1980-01-01 14:01:24	2eff	7.902
315579684	1980-01-01 14:01:24	eb38	2.978
315579689	1980-01-01 14:01:29	8171	3.952
315579689	1980-01-01 14:01:29	2eff	7.996
315579689	1980-01-01 14:01:29	eb38	5.709
315579694	1980-01-01 14:01:34	8171	3.156
315579694	1980-01-01 14:01:34	2eff	7.63
315579694	1980-01-01 14:01:34	eb38	5.255
315579699	1980-01-01 14:01:39	8171	3.058
315579699	1980-01-01 14:01:39	2eff	7.171
315579699	1980-01-01 14:01:39	eb38	5.236
315579699	1980-01-01 14:01:39	a304	7.128
315579704	1980-01-01 14:01:44	8171	4.069
315579704	1980-01-01 14:01:44	2eff	6.698
315579704	1980-01-01 14:01:44	eb38	5.672
315579704	1980-01-01 14:01:44	a304	7.597
315579705	1980-01-01 14:01:45	8171	4.055
315579705	1980-01-01 14:01:45	2eff	6.801
315579705	1980-01-01 14:01:45	c492	7.26
315579706	1980-01-01 14:01:46	8171	3.68
315579706	1980-01-01 14:01:46	2eff	6.768
315579706	1980-01-01 14:01:46	eb38	5.371
315579706	1980-01-01 14:01:46	8171	3.362
315579706	1980-01-01 14:01:46	2eff	6.857
315579706	1980-01-01 14:01:46	c492	7.311
315579708	1980-01-01 14:01:48	8171	3.367
315579708	1980-01-01 14:01:48	2eff	6.941
315579708	1980-01-01 14:01:48	eb38	5.18
315579708	1980-01-01 14:01:48	8171	3.596
315579708	1980-01-01 14:01:48	eb38	5.545
315579708	1980-01-01 14:01:48	2eff	6.824
315579708	1980-01-01 14:01:48	8171	3.793
315579708	1980-01-01 14:01:48	2eff	7.105
315579708	1980-01-01 14:01:48	eb38	5.311
315579709	1980-01-01 14:01:49	8171	3.915
315579709	1980-01-01 14:01:49	2eff	6.941
315579709	1980-01-01 14:01:49	eb38	5.306
315579709	1980-01-01 14:01:49	8171	3.962
315579709	1980-01-01 14:01:49	2eff	6.838
315579709	1980-01-01 14:01:49	eb38	5.335
315579709	1980-01-01 14:01:49	8171	3.741
315579709	1980-01-01 14:01:49	2eff	7.1
315579709	1980-01-01 14:01:49	a304	6.951
315579709	1980-01-01 14:01:49	eb38	6.004
315579710	1980-01-01 14:01:50	8171	3.559
315579710	1980-01-01 14:01:50	2eff	7.068
315579710	1980-01-01 14:01:50	a304	6.89
315579710	1980-01-01 14:01:50	8171	3.802
315579710	1980-01-01 14:01:50	2eff	7.462
315579710	1980-01-01 14:01:50	c492	7.677
315579711	1980-01-01 14:01:51	8171	3.151
315579711	1980-01-01 14:01:51	2eff	7.452
315579711	1980-01-01 14:01:51	eb38	5.573
315579712	1980-01-01 14:01:52	8171	3.957
315579712	1980-01-01 14:01:52	2eff	7.49
315579712	1980-01-01 14:01:52	a304	6.829
315579712	1980-01-01 14:01:52	eb38	5.625
315579712	1980-01-01 14:01:52	8171	3.985
315579712	1980-01-01 14:01:52	2eff	7.494
315579712	1980-01-01 14:01:52	a304	6.885
315579712	1980-01-01 14:01:52	eb38	5.564
315579712	1980-01-01 14:01:52	8171	3.826
315579712	1980-01-01 14:01:52	2eff	7.597
315579712	1980-01-01 14:01:52	a304	6.89
315579712	1980-01-01 14:01:52	eb38	5.634
315579713	1980-01-01 14:01:53	2eff	6.834
315579713	1980-01-01 14:01:53	1fa0	4.098
315579713	1980-01-01 14:01:53	eb38	6.027
315579714	1980-01-01 14:01:54	8171	4.018
315579714	1980-01-01 14:01:54	2eff	7.054
315579714	1980-01-01 14:01:54	eb38	5.545
315579714	1980-01-01 14:01:54	a304	6.984
315579714	1980-01-01 14:01:54	8171	3.535
315579714	1980-01-01 14:01:54	2eff	6.913
315579714	1980-01-01 14:01:54	eb38	5.531
315579714	1980-01-01 14:01:54	8171	4.219
315579714	1980-01-01 14:01:54	2eff	6.885
315579714	1980-01-01 14:01:54	a304	6.97
315579714	1980-01-01 14:01:54	c492	7.1
315579715	1980-01-01 14:01:55	2eff	6.472
315579715	1980-01-01 14:01:55	a304	7.017
315579715	1980-01-01 14:01:55	eb38	4.308
315579715	1980-01-01 14:01:55	1fa0	4.65
315579716	1980-01-01 14:01:56	8171	3.924
315579716	1980-01-01 14:01:56	2eff	6.397
315579716	1980-01-01 14:01:56	eb38	4.496
315579716	1980-01-01 14:01:56	8171	4.289
315579716	1980-01-01 14:01:56	eb38	4.247
315579716	1980-01-01 14:01:56	a304	7.138
315579716	1980-01-01 14:01:56	2eff	6.796
315579716	1980-01-01 14:01:56	8171	4.599
315579716	1980-01-01 14:01:56	2eff	6.285
315579716	1980-01-01 14:01:56	a304	7.175
315579716	1980-01-01 14:01:56	eb38	4.107
315579717	1980-01-01 14:01:57	8171	4.411
315579717	1980-01-01 14:01:57	2eff	6.763
315579717	1980-01-01 14:01:57	a304	7.063
315579717	1980-01-01 14:01:57	eb38	4.861
315579717	1980-01-01 14:01:57	8171	3.84
315579717	1980-01-01 14:01:57	2eff	7.002
315579717	1980-01-01 14:01:57	a304	7.578
315579717	1980-01-01 14:01:57	c492	7.963
315579718	1980-01-01 14:01:58	8171	3.891
315579718	1980-01-01 14:01:58	2eff	7.031
315579718	1980-01-01 14:01:58	eb38	5.606
315579719	1980-01-01 14:01:59	8171	3.652
315579719	1980-01-01 14:01:59	2eff	7.185
315579719	1980-01-01 14:01:59	eb38	5.297
315579719	1980-01-01 14:01:59	8171	3.704
315579719	1980-01-01 14:01:59	2eff	7.311
315579719	1980-01-01 14:01:59	eb38	5.728
315579719	1980-01-01 14:01:59	8171	3.629
315579719	1980-01-01 14:01:59	eb38	4.866
315579719	1980-01-01 14:01:59	a304	7.199
315579720	1980-01-01 14:02:00	8171	3.713
315579720	1980-01-01 14:02:00	8171	3.797
315579720	1980-01-01 14:02:00	a304	7.265
315579720	1980-01-01 14:02:00	2eff	7.073
315579721	1980-01-01 14:02:01	2eff	7.358
315579721	1980-01-01 14:02:01	2eff	7.077
315579721	1980-01-01 14:02:01	8171	3.685
315579721	1980-01-01 14:02:01	2eff	6.881
315579721	1980-01-01 14:02:01	eb38	4.978
315579722	1980-01-01 14:02:02	8171	3.633
315579722	1980-01-01 14:02:02	2eff	6.927
315579722	1980-01-01 14:02:02	eb38	5.775
315579722	1980-01-01 14:02:02	8171	3.938
315579722	1980-01-01 14:02:02	2eff	6.918
315579722	1980-01-01 14:02:02	a304	6.862
315579722	1980-01-01 14:02:02	eb38	5.962
315579723	1980-01-01 14:02:03	8171	4.079
315579723	1980-01-01 14:02:03	a304	6.899
315579723	1980-01-01 14:02:03	2eff	7.007
315579723	1980-01-01 14:02:03	8171	4.116
315579723	1980-01-01 14:02:03	2eff	6.834
315579723	1980-01-01 14:02:03	a304	6.505
315579723	1980-01-01 14:02:03	eb38	4.889
315579723	1980-01-01 14:02:03	2eff	6.519
315579723	1980-01-01 14:02:03	1fa0	4.35
315579724	1980-01-01 14:02:04	8171	4.06
315579724	1980-01-01 14:02:04	2eff	6.468
315579724	1980-01-01 14:02:04	a304	6.51
315579725	1980-01-01 14:02:05	2eff	6.407
315579725	1980-01-01 14:02:05	a304	6.285
315579725	1980-01-01 14:02:05	eb38	5.517
315579725	1980-01-01 14:02:05	2eff	6.444
315579725	1980-01-01 14:02:05	eb38	5.55
315579725	1980-01-01 14:02:05	a304	6.281
315579726	1980-01-01 14:02:06	1fa0	4.069
315579726	1980-01-01 14:02:06	1fa0	4.12
315579730	1980-01-01 14:02:10	2eff	4.908
315579730	1980-01-01 14:02:10	a304	6.351
315579730	1980-01-01 14:02:10	1fa0	4.317
315579735	1980-01-01 14:02:15	8171	5.952
315579735	1980-01-01 14:02:15	2eff	5.02
315579735	1980-01-01 14:02:15	6aca	9.758
315579735	1980-01-01 14:02:15	eb38	3.671
315579740	1980-01-01 14:02:20	8171	7.569
315579740	1980-01-01 14:02:20	2eff	4.552
315579740	1980-01-01 14:02:20	6aca	8.614
315579740	1980-01-01 14:02:20	eb38	2.73
315579745	1980-01-01 14:02:25	8171	8.071
315579745	1980-01-01 14:02:25	2eff	6.543
315579745	1980-01-01 14:02:25	eb38	1.574
315579750	1980-01-01 14:02:30	8171	7.466
315579750	1980-01-01 14:02:30	6aca	9.19
315579750	1980-01-01 14:02:30	eb38	1.971
315579751	1980-01-01 14:02:31	2eff	5.063
315579756	1980-01-01 14:02:36	8171	6.168
315579756	1980-01-01 14:02:36	2eff	5.447
315579756	1980-01-01 14:02:36	eb38	2.515
315579761	1980-01-01 14:02:41	8171	6.346
315579761	1980-01-01 14:02:41	a304	8.839
315579761	1980-01-01 14:02:41	2eff	5.138
315579761	1980-01-01 14:02:41	eb38	2.94
315579766	1980-01-01 14:02:46	8171	5.447
315579766	1980-01-01 14:02:46	2eff	5.269
315579766	1980-01-01 14:02:46	a304	7.578
315579766	1980-01-01 14:02:46	eb38	3.685
315579771	1980-01-01 14:02:51	8171	5.311
315579771	1980-01-01 14:02:51	2eff	5.063
315579771	1980-01-01 14:02:51	6aca	10.269
315579771	1980-01-01 14:02:51	eb38	4.083
315579773	1980-01-01 14:02:53	8171	4.87
315579773	1980-01-01 14:02:53	2eff	5.849
315579773	1980-01-01 14:02:53	a304	7.485
315579773	1980-01-01 14:02:53	eb38	3.661
315579774	1980-01-01 14:02:54	8171	5.4
315579774	1980-01-01 14:02:54	2eff	5.536
315579774	1980-01-01 14:02:54	a304	7.447
315579775	1980-01-01 14:02:55	6aca	9.594
315579775	1980-01-01 14:02:55	2eff	5.512
315579775	1980-01-01 14:02:55	1fa0	5.517
315579775	1980-01-01 14:02:55	eb38	3.404
315579775	1980-01-01 14:02:55	2eff	5.54
315579775	1980-01-01 14:02:55	1fa0	5.489
315579775	1980-01-01 14:02:55	a304	7.518
315579775	1980-01-01 14:02:55	eb38	3.381
315579776	1980-01-01 14:02:56	8171	5.733
315579776	1980-01-01 14:02:56	2eff	5.32
315579776	1980-01-01 14:02:56	eb38	3.521
315579776	1980-01-01 14:02:56	a304	8.075
315579776	1980-01-01 14:02:56	8171	5.629
315579776	1980-01-01 14:02:56	2eff	5.409
315579776	1980-01-01 14:02:56	eb38	3.46
315579777	1980-01-01 14:02:57	8171	5.522
315579777	1980-01-01 14:02:57	2eff	5.887
315579777	1980-01-01 14:02:57	a304	7.756
315579777	1980-01-01 14:02:57	c492	7.017
315579777	1980-01-01 14:02:57	8171	5.245
315579777	1980-01-01 14:02:57	a304	7.695
315579777	1980-01-01 14:02:57	2eff	5.601
315579777	1980-01-01 14:02:57	eb38	4.453
315579778	1980-01-01 14:02:58	8171	5.063
315579778	1980-01-01 14:02:58	2eff	5.606
315579778	1980-01-01 14:02:58	a304	7.803
315579778	1980-01-01 14:02:58	eb38	4.037
315579778	1980-01-01 14:02:58	2eff	5.517
315579778	1980-01-01 14:02:58	a304	7.648
315579778	1980-01-01 14:02:58	1fa0	5.507
315579778	1980-01-01 14:02:58	eb38	3.741
315579779	1980-01-01 14:02:59	8171	5.676
315579779	1980-01-01 14:02:59	2eff	5.611
315579779	1980-01-01 14:02:59	eb38	4.322
315579779	1980-01-01 14:02:59	8171	5.371
315579779	1980-01-01 14:02:59	2eff	5.611
315579779	1980-01-01 14:02:59	a304	7.611
315579779	1980-01-01 14:02:59	eb38	4.214
315579780	1980-01-01 14:03:00	8171	5.442
315579780	1980-01-01 14:03:00	2eff	5.592
315579780	1980-01-01 14:03:00	c492	7.026
315579780	1980-01-01 14:03:00	a304	7.63
315579780	1980-01-01 14:03:00	8171	5.47
315579780	1980-01-01 14:03:00	2eff	5.573
315579780	1980-01-01 14:03:00	a304	7.583
315579780	1980-01-01 14:03:00	c492	6.979
315579781	1980-01-01 14:03:01	8171	4.65
315579781	1980-01-01 14:03:01	2eff	5.573
315579781	1980-01-01 14:03:01	eb38	3.61
315579781	1980-01-01 14:03:01	a304	7.616
315579781	1980-01-01 14:03:01	8171	5.053
315579781	1980-01-01 14:03:01	a304	7.602
315579781	1980-01-01 14:03:01	2eff	5.522
315579781	1980-01-01 14:03:01	eb38	3.718
315579785	1980-01-01 14:03:05	8171	5.442
315579785	1980-01-01 14:03:05	2eff	5.507
315579785	1980-01-01 14:03:05	a304	7.639
315579785	1980-01-01 14:03:05	eb38	3.633
315579785	1980-01-01 14:03:05	8171	5.639
315579785	1980-01-01 14:03:05	2eff	5.545
315579785	1980-01-01 14:03:05	a304	7.625
315579785	1980-01-01 14:03:05	eb38	3.633
315579787	1980-01-01 14:03:07	8171	5.625
315579787	1980-01-01 14:03:07	2eff	5.554
315579787	1980-01-01 14:03:07	eb38	4.041
315579787	1980-01-01 14:03:07	a304	7.592
315579791	1980-01-01 14:03:11	8171	5.625
315579791	1980-01-01 14:03:11	2eff	5.583
315579791	1980-01-01 14:03:11	eb38	4.093
315579791	1980-01-01 14:03:11	8171	5.25
315579791	1980-01-01 14:03:11	2eff	5.54
315579791	1980-01-01 14:03:11	eb38	4.866
315579791	1980-01-01 14:03:11	8171	5.517
315579791	1980-01-01 14:03:11	2eff	5.451
315579791	1980-01-01 14:03:11	eb38	3.629
315579792	1980-01-01 14:03:12	8171	5.77
315579792	1980-01-01 14:03:12	2eff	5.526
315579792	1980-01-01 14:03:12	6aca	7.592
315579792	1980-01-01 14:03:12	c492	6.918
315579793	1980-01-01 14:03:13	8171	5.573
315579793	1980-01-01 14:03:13	2eff	5.507
315579793	1980-01-01 14:03:13	eb38	3.718
315579793	1980-01-01 14:03:13	a304	7.573
315579793	1980-01-01 14:03:13	8171	5.512
315579793	1980-01-01 14:03:13	2eff	5.489
315579793	1980-01-01 14:03:13	6aca	7.897
315579793	1980-01-01 14:03:13	eb38	3.722
315579793	1980-01-01 14:03:13	8171	5.554
315579793	1980-01-01 14:03:13	2eff	5.512
315579793	1980-01-01 14:03:13	6aca	6.899
315579793	1980-01-01 14:03:13	eb38	3.704
315579794	1980-01-01 14:03:14	8171	5.625
315579794	1980-01-01 14:03:14	2eff	5.55
315579794	1980-01-01 14:03:14	a304	7.747
315579794	1980-01-01 14:03:14	eb38	4.008
315579794	1980-01-01 14:03:14	8171	5.592
315579794	1980-01-01 14:03:14	2eff	5.573
315579794	1980-01-01 14:03:14	a304	7.663
315579794	1980-01-01 14:03:14	eb38	4.2
315579795	1980-01-01 14:03:15	8171	5.845
315579795	1980-01-01 14:03:15	2eff	5.554
315579795	1980-01-01 14:03:15	a304	7.573
315579795	1980-01-01 14:03:15	eb38	3.915
315579796	1980-01-01 14:03:16	8171	5.498
315579796	1980-01-01 14:03:16	2eff	5.662
315579796	1980-01-01 14:03:16	eb38	4.018
315579796	1980-01-01 14:03:16	a304	7.602
315579796	1980-01-01 14:03:16	8171	5.4
315579796	1980-01-01 14:03:16	2eff	5.615
315579796	1980-01-01 14:03:16	a304	7.625
315579796	1980-01-01 14:03:16	eb38	3.952
315579797	1980-01-01 14:03:17	8171	5.597
315579797	1980-01-01 14:03:17	2eff	5.606
315579797	1980-01-01 14:03:17	c492	6.951
315579797	1980-01-01 14:03:17	a304	7.565
315579797	1980-01-01 14:03:17	8171	5.854
315579797	1980-01-01 14:03:17	c492	6.974
315579797	1980-01-01 14:03:17	a304	7.597
315579797	1980-01-01 14:03:17	2eff	5.573
315579797	1980-01-01 14:03:17	2eff	5.601
315579797	1980-01-01 14:03:17	a304	7.597
315579797	1980-01-01 14:03:17	eb38	3.999
315579798	1980-01-01 14:03:18	2eff	5.615
315579798	1980-01-01 14:03:18	a304	7.564
315579798	1980-01-01 14:03:18	eb38	3.943
315579798	1980-01-01 14:03:18	8171	5.634
315579798	1980-01-01 14:03:18	8171	5.479
315579798	1980-01-01 14:03:18	8171	5.353
315579798	1980-01-01 14:03:18	2eff	5.658
315579798	1980-01-01 14:03:18	a304	7.578
315579798	1980-01-01 14:03:18	c492	6.988
315579799	1980-01-01 14:03:19	8171	5.653
315579799	1980-01-01 14:03:19	2eff	5.611
315579799	1980-01-01 14:03:19	c492	6.97
315579799	1980-01-01 14:03:19	a304	7.583
315579800	1980-01-01 14:03:20	8171	5.812
315579800	1980-01-01 14:03:20	2eff	5.601
315579800	1980-01-01 14:03:20	c492	6.988
315579800	1980-01-01 14:03:20	a304	7.616
315579800	1980-01-01 14:03:20	8171	5.7
315579800	1980-01-01 14:03:20	2eff	5.644
315579800	1980-01-01 14:03:20	c492	6.998
315579800	1980-01-01 14:03:20	a304	7.592
315579801	1980-01-01 14:03:21	8171	4.8
315579801	1980-01-01 14:03:21	2eff	5.592
315579801	1980-01-01 14:03:21	eb38	3.802
315579801	1980-01-01 14:03:21	a304	7.546
315579801	1980-01-01 14:03:21	8171	5.7
315579801	1980-01-01 14:03:21	2eff	5.597
315579801	1980-01-01 14:03:21	eb38	3.769
315579801	1980-01-01 14:03:21	a304	7.602
315579806	1980-01-01 14:03:26	8171	5.306
315579806	1980-01-01 14:03:26	2eff	5.47
315579806	1980-01-01 14:03:26	a304	7.7
315579806	1980-01-01 14:03:26	eb38	3.783
315579810	1980-01-01 14:03:30	8171	5.461
315579810	1980-01-01 14:03:30	eb38	4.158
315579810	1980-01-01 14:03:30	2eff	5.648
315579812	1980-01-01 14:03:32	8171	5.522
315579812	1980-01-01 14:03:32	2eff	5.409
315579812	1980-01-01 14:03:32	a304	8.169
315579812	1980-01-01 14:03:32	eb38	3.427
315579813	1980-01-01 14:03:33	2eff	5.339
315579813	1980-01-01 14:03:33	eb38	3.395
315579813	1980-01-01 14:03:33	1fa0	5.611
315579813	1980-01-01 14:03:33	a304	8.23
315579813	1980-01-01 14:03:33	2eff	5.629
315579813	1980-01-01 14:03:33	1fa0	6.126
315579813	1980-01-01 14:03:33	eb38	3.446
315579815	1980-01-01 14:03:35	2eff	5.826
315579815	1980-01-01 14:03:35	a304	8.075
315579815	1980-01-01 14:03:35	eb38	3.587
315579815	1980-01-01 14:03:35	8171	5.105
315579815	1980-01-01 14:03:35	2eff	5.831
315579815	1980-01-01 14:03:35	eb38	3.578
315579815	1980-01-01 14:03:35	6aca	8.071
315579815	1980-01-01 14:03:35	8171	5.335
315579815	1980-01-01 14:03:35	2eff	5.863
315579815	1980-01-01 14:03:35	6aca	8.225
315579815	1980-01-01 14:03:35	eb38	3.652
315579816	1980-01-01 14:03:36	8171	4.866
315579816	1980-01-01 14:03:36	6aca	10.728
315579816	1980-01-01 14:03:36	2eff	5.803
315579816	1980-01-01 14:03:36	c492	7.611
315579816	1980-01-01 14:03:36	8171	5.006
315579816	1980-01-01 14:03:36	2eff	6.407
315579816	1980-01-01 14:03:36	6aca	10.47
315579816	1980-01-01 14:03:36	c492	7.967
315579816	1980-01-01 14:03:36	8171	5.203
315579816	1980-01-01 14:03:36	2eff	6.421
315579816	1980-01-01 14:03:36	a304	8.473
315579816	1980-01-01 14:03:36	eb38	3.395
315579817	1980-01-01 14:03:37	8171	5.161
315579817	1980-01-01 14:03:37	2eff	6.613
315579817	1980-01-01 14:03:37	a304	8.891
315579817	1980-01-01 14:03:37	c492	7.845
315579817	1980-01-01 14:03:37	8171	5.199
315579817	1980-01-01 14:03:37	2eff	6.552
315579817	1980-01-01 14:03:37	a304	8.881
315579817	1980-01-01 14:03:37	eb38	2.885
315579818	1980-01-01 14:03:38	8171	5.386
315579818	1980-01-01 14:03:38	2eff	6.613
315579818	1980-01-01 14:03:38	eb38	2.618
315579818	1980-01-01 14:03:38	a304	9.153
315579819	1980-01-01 14:03:39	8171	5.428
315579819	1980-01-01 14:03:39	a304	9.158
315579819	1980-01-01 14:03:39	2eff	6.58
315579819	1980-01-01 14:03:39	eb38	2.814
315579819	1980-01-01 14:03:39	8171	5.423
315579819	1980-01-01 14:03:39	2eff	6.613
315579819	1980-01-01 14:03:39	a304	9.092
315579819	1980-01-01 14:03:39	eb38	2.805
315579820	1980-01-01 14:03:40	8171	5.414
315579820	1980-01-01 14:03:40	2eff	6.58
315579820	1980-01-01 14:03:40	a304	9.106
315579820	1980-01-01 14:03:40	eb38	2.875
315579820	1980-01-01 14:03:40	8171	5.414
315579820	1980-01-01 14:03:40	2eff	6.594
315579820	1980-01-01 14:03:40	a304	9.111
315579820	1980-01-01 14:03:40	eb38	2.828
315579821	1980-01-01 14:03:41	8171	5.437
315579821	1980-01-01 14:03:41	2eff	6.599
315579821	1980-01-01 14:03:41	a304	9.139
315579821	1980-01-01 14:03:41	eb38	2.861
315579822	1980-01-01 14:03:42	8171	5.456
315579822	1980-01-01 14:03:42	a304	9.153
315579822	1980-01-01 14:03:42	2eff	6.576
315579822	1980-01-01 14:03:42	eb38	2.814
315579822	1980-01-01 14:03:42	8171	5.442
315579822	1980-01-01 14:03:42	a304	9.106
315579822	1980-01-01 14:03:42	2eff	6.623
315579822	1980-01-01 14:03:42	eb38	2.739
315579823	1980-01-01 14:03:43	8171	5.456
315579823	1980-01-01 14:03:43	2eff	6.66
315579823	1980-01-01 14:03:43	a304	9.148
315579823	1980-01-01 14:03:43	eb38	2.777
315579823	1980-01-01 14:03:43	8171	5.451
315579823	1980-01-01 14:03:43	2eff	6.613
315579823	1980-01-01 14:03:43	eb38	2.899
315579823	1980-01-01 14:03:43	a304	9.139
315579824	1980-01-01 14:03:44	8171	5.461
315579824	1980-01-01 14:03:44	2eff	6.548
315579824	1980-01-01 14:03:44	a304	9.064
315579824	1980-01-01 14:03:44	eb38	2.866
315579824	1980-01-01 14:03:44	8171	5.447
315579824	1980-01-01 14:03:44	2eff	6.604
315579824	1980-01-01 14:03:44	a304	9.115
315579824	1980-01-01 14:03:44	eb38	2.861
315579828	1980-01-01 14:03:48	8171	5.62
315579828	1980-01-01 14:03:48	a304	9.143
315579828	1980-01-01 14:03:48	2eff	6.59
315579828	1980-01-01 14:03:48	eb38	2.772
315579834	1980-01-01 14:03:54	8171	5.362
315579834	1980-01-01 14:03:54	2eff	6.646
315579834	1980-01-01 14:03:54	a304	9.097
315579834	1980-01-01 14:03:54	eb38	2.917
315579839	1980-01-01 14:03:59	8171	5.381
315579839	1980-01-01 14:03:59	2eff	6.496
315579839	1980-01-01 14:03:59	eb38	2.936
315579844	1980-01-01 14:04:04	8171	5.357
315579844	1980-01-01 14:04:04	2eff	6.684
315579844	1980-01-01 14:04:04	a304	9.851
315579844	1980-01-01 14:04:04	eb38	2.926
315579849	1980-01-01 14:04:09	8171	5.292
315579849	1980-01-01 14:04:09	2eff	6.637
315579849	1980-01-01 14:04:09	a304	9.673
315579849	1980-01-01 14:04:09	eb38	2.838
