1710097400	2024-03-10 20:03:20	off
1710097434	2024-03-10 20:03:54	on
1710097437	2024-03-10 20:03:57	off
1710097459	2024-03-10 20:04:19	on
1710097461	2024-03-10 20:04:21	off
1710097538	2024-03-10 20:05:38	on
1710097539	2024-03-10 20:05:39	off
1710097554	2024-03-10 20:05:54	on
1710097556	2024-03-10 20:05:56	off
1710097562	2024-03-10 20:06:02	on
1710097563	2024-03-10 20:06:03	off
1710097606	2024-03-10 20:06:46	on
1710097607	2024-03-10 20:06:47	off
1710097656	2024-03-10 20:07:36	on
1710097659	2024-03-10 20:07:39	off
1710097672	2024-03-10 20:07:52	on
1710097679	2024-03-10 20:07:59	off
1710097709	2024-03-10 20:08:29	on
1710097714	2024-03-10 20:08:34	off
1710097720	2024-03-10 20:08:40	on
1710097723	2024-03-10 20:08:43	off
1710097728	2024-03-10 20:08:48	on
1710097729	2024-03-10 20:08:49	off
1710097732	2024-03-10 20:08:52	on
1710097736	2024-03-10 20:08:56	off
