1710619469	2024-03-16 21:04:29	off
1710619506	2024-03-16 21:05:06	on
1710619507	2024-03-16 21:05:07	off
1710619513	2024-03-16 21:05:13	on
1710619525	2024-03-16 21:05:25	on
1710619528	2024-03-16 21:05:28	off
1710619554	2024-03-16 21:05:54	on
1710619555	2024-03-16 21:05:55	off
1710619627	2024-03-16 21:07:07	on
1710619628	2024-03-16 21:07:08	off
1710619629	2024-03-16 21:07:09	on
1710619630	2024-03-16 21:07:10	off
1710619708	2024-03-16 21:08:28	on
1710619709	2024-03-16 21:08:29	off
1710619746	2024-03-16 21:09:06	on
1710619753	2024-03-16 21:09:13	off
1710619785	2024-03-16 21:09:45	on
1710619816	2024-03-16 21:10:16	off
1710619845	2024-03-16 21:10:45	on
1710619846	2024-03-16 21:10:46	off

