1710619860	2024-03-16 21:11:00	1fa0	1.33
1710619860	2024-03-16 21:11:00	eb38	4.655
1710619861	2024-03-16 21:11:01	a304	3.175
1710619861	2024-03-16 21:11:01	2eff	6.463
1710619861	2024-03-16 21:11:01	eb38	5.339
1710619861	2024-03-16 21:11:01	1fa0	1.406
1710619861	2024-03-16 21:11:01	2eff	6.763
1710619861	2024-03-16 21:11:01	a304	3.952
1710619861	2024-03-16 21:11:01	1fa0	1.578
1710619861	2024-03-16 21:11:01	eb38	4.35
1710619862	2024-03-16 21:11:02	2eff	6.618
1710619862	2024-03-16 21:11:02	1fa0	1.55
1710619862	2024-03-16 21:11:02	c492	4.627
1710619862	2024-03-16 21:11:02	a304	4.374
1710619862	2024-03-16 21:11:02	eb38	7.091
1710619862	2024-03-16 21:11:02	1fa0	1.635
1710619863	2024-03-16 21:11:03	2eff	6.365
1710619863	2024-03-16 21:11:03	a304	5.133
1710619863	2024-03-16 21:11:03	1fa0	1.719
1710619863	2024-03-16 21:11:03	eb38	7.091
1710619863	2024-03-16 21:11:03	1fa0	1.672
1710619863	2024-03-16 21:11:03	eb38	6.576
1710619863	2024-03-16 21:11:03	eb38	6.529
1710619863	2024-03-16 21:11:03	2eff	6.524
1710619863	2024-03-16 21:11:03	1fa0	1.892
1710619864	2024-03-16 21:11:04	1fa0	1.639
1710619864	2024-03-16 21:11:04	eb38	6.763
1710619864	2024-03-16 21:11:04	a304	3.746
1710619864	2024-03-16 21:11:04	1fa0	1.251
1710619864	2024-03-16 21:11:04	eb38	5.184
1710619865	2024-03-16 21:11:05	2eff	6.993
1710619865	2024-03-16 21:11:05	a304	3.863
1710619865	2024-03-16 21:11:05	1fa0	1.105
1710619865	2024-03-16 21:11:05	2eff	6.838
1710619865	2024-03-16 21:11:05	a304	3.633
1710619865	2024-03-16 21:11:05	1fa0	0.904
1710619866	2024-03-16 21:11:06	2eff	6.974
1710619866	2024-03-16 21:11:06	a304	3.404
1710619866	2024-03-16 21:11:06	1fa0	0.726
1710619866	2024-03-16 21:11:06	eb38	7.527
1710619867	2024-03-16 21:11:07	a304	3.1
1710619867	2024-03-16 21:11:07	1fa0	0.581
1710619867	2024-03-16 21:11:07	c492	5.69
1710619867	2024-03-16 21:11:07	a304	3.114
1710619867	2024-03-16 21:11:07	1fa0	0.403
1710619867	2024-03-16 21:11:07	c492	5.887
1710619867	2024-03-16 21:11:07	a304	3.25
1710619867	2024-03-16 21:11:07	1fa0	0.3
1710619868	2024-03-16 21:11:08	a304	3.208
1710619868	2024-03-16 21:11:08	c492	5.877
1710619868	2024-03-16 21:11:08	1fa0	0.309
1710619868	2024-03-16 21:11:08	1fa0	0.375
1710619868	2024-03-16 21:11:08	a304	2.833
1710619869	2024-03-16 21:11:09	a304	2.73
1710619869	2024-03-16 21:11:09	1fa0	0.567
1710619869	2024-03-16 21:11:09	c492	7.049
1710619869	2024-03-16 21:11:09	1fa0	0.614
1710619869	2024-03-16 21:11:09	a304	2.669
1710619869	2024-03-16 21:11:09	c492	5.924
1710619870	2024-03-16 21:11:10	1fa0	0.708
1710619870	2024-03-16 21:11:10	c492	6.164
1710619870	2024-03-16 21:11:10	a304	2.51
1710619870	2024-03-16 21:11:10	a304	2.477
1710619870	2024-03-16 21:11:10	1fa0	0.848
1710619870	2024-03-16 21:11:10	c492	5.995
1710619871	2024-03-16 21:11:11	a304	2.421
1710619871	2024-03-16 21:11:11	1fa0	0.909
1710619871	2024-03-16 21:11:11	c492	6.82
1710619872	2024-03-16 21:11:12	a304	2.37
1710619872	2024-03-16 21:11:12	c492	7.059
1710619872	2024-03-16 21:11:12	1fa0	1.063
1710619872	2024-03-16 21:11:12	a304	2.393
1710619872	2024-03-16 21:11:12	1fa0	1.223
1710619872	2024-03-16 21:11:12	c492	6.988
1710619872	2024-03-16 21:11:12	a304	2.375
1710619872	2024-03-16 21:11:12	c492	7.059
1710619872	2024-03-16 21:11:12	1fa0	1.255
1710619877	2024-03-16 21:11:17	a304	2.243
1710619877	2024-03-16 21:11:17	c492	6.548
1710619877	2024-03-16 21:11:17	1fa0	1.668
1710619877	2024-03-16 21:11:17	8171	6.154
1710619877	2024-03-16 21:11:17	a304	2.21
1710619877	2024-03-16 21:11:17	c492	6.023
1710619878	2024-03-16 21:11:18	399a	8.694
1710619878	2024-03-16 21:11:18	a304	2.032
1710619878	2024-03-16 21:11:18	c492	6.505
1710619878	2024-03-16 21:11:18	a304	1.976
1710619878	2024-03-16 21:11:18	c492	6.243
1710619879	2024-03-16 21:11:19	a304	2.051
1710619879	2024-03-16 21:11:19	1fa0	2.655
1710619879	2024-03-16 21:11:19	c492	6.355
1710619879	2024-03-16 21:11:19	1fa0	1.742
1710619879	2024-03-16 21:11:19	399a	8.83
1710619879	2024-03-16 21:11:19	a304	1.967
1710619879	2024-03-16 21:11:19	c492	6.524
1710619880	2024-03-16 21:11:20	1fa0	1.939
1710619880	2024-03-16 21:11:20	c492	6.487
1710619880	2024-03-16 21:11:20	a304	1.883
1710619880	2024-03-16 21:11:20	a304	1.803
1710619880	2024-03-16 21:11:20	1fa0	2.14
1710619880	2024-03-16 21:11:20	c492	6.426
1710619881	2024-03-16 21:11:21	1fa0	2.131
1710619881	2024-03-16 21:11:21	a304	1.878
1710619881	2024-03-16 21:11:21	c492	6.336
1710619881	2024-03-16 21:11:21	a304	1.831
1710619881	2024-03-16 21:11:21	1fa0	2.07
1710619881	2024-03-16 21:11:21	c492	6.285
1710619882	2024-03-16 21:11:22	399a	9.397
1710619882	2024-03-16 21:11:22	a304	1.831
1710619882	2024-03-16 21:11:22	1fa0	2.093
1710619882	2024-03-16 21:11:22	c492	6.36
1710619883	2024-03-16 21:11:23	a304	0
1710619887	2024-03-16 21:11:27	1fa0	1.85
1710619887	2024-03-16 21:11:27	a304	1.288
1710619887	2024-03-16 21:11:27	c492	5.522
1710619892	2024-03-16 21:11:32	1fa0	2.178
1710619892	2024-03-16 21:11:32	c492	5.077
1710619897	2024-03-16 21:11:37	1fa0	2.81
1710619897	2024-03-16 21:11:37	c492	4.669
1710619903	2024-03-16 21:11:43	1fa0	2.159
1710619903	2024-03-16 21:11:43	a304	1.345
1710619903	2024-03-16 21:11:43	399a	7.634
1710619903	2024-03-16 21:11:43	c492	5.072
1710619907	2024-03-16 21:11:47	399a	7.892
1710619907	2024-03-16 21:11:47	1fa0	2.753
1710619907	2024-03-16 21:11:47	c492	4.815
1710619907	2024-03-16 21:11:47	a304	0.53
1710619912	2024-03-16 21:11:52	a304	1.494
1710619912	2024-03-16 21:11:52	eb38	4.191
1710619912	2024-03-16 21:11:52	1fa0	2.126
1710619917	2024-03-16 21:11:57	399a	7.597
1710619917	2024-03-16 21:11:57	a304	2.013
1710619917	2024-03-16 21:11:57	1fa0	1.686
1710619917	2024-03-16 21:11:57	c492	6.07
1710619922	2024-03-16 21:12:02	2eff	8.595
1710619922	2024-03-16 21:12:02	a304	2.412
1710619922	2024-03-16 21:12:02	c492	6.056
1710619923	2024-03-16 21:12:03	1fa0	1.368
1710619927	2024-03-16 21:12:07	399a	8.849
1710619927	2024-03-16 21:12:07	a304	2.257
1710619927	2024-03-16 21:12:07	1fa0	1.69
1710619927	2024-03-16 21:12:07	c492	5.99
1710619933	2024-03-16 21:12:13	a304	2.046
1710619933	2024-03-16 21:12:13	1fa0	1.035
1710619933	2024-03-16 21:12:13	c492	5.859
1710619937	2024-03-16 21:12:17	399a	8.633
1710619937	2024-03-16 21:12:17	1fa0	0.699
1710619937	2024-03-16 21:12:17	a304	2.426
1710619937	2024-03-16 21:12:17	c492	5.493
1710619943	2024-03-16 21:12:23	a304	2.856
1710619943	2024-03-16 21:12:23	1fa0	0.974
1710619943	2024-03-16 21:12:23	c492	5.156
1710619947	2024-03-16 21:12:27	2eff	7.227
1710619947	2024-03-16 21:12:27	a304	3.034
1710619947	2024-03-16 21:12:27	1fa0	0.843
1710619947	2024-03-16 21:12:27	c492	5.644
1710619949	2024-03-16 21:12:29	2eff	7.255
1710619949	2024-03-16 21:12:29	a304	3.086
1710619949	2024-03-16 21:12:29	1fa0	1.363
1710619949	2024-03-16 21:12:29	c492	4.926
1710619949	2024-03-16 21:12:29	a304	3.297
1710619949	2024-03-16 21:12:29	c492	5.016
1710619949	2024-03-16 21:12:29	2eff	6.623
1710619950	2024-03-16 21:12:30	a304	3.531
1710619950	2024-03-16 21:12:30	399a	8.792
1710619950	2024-03-16 21:12:30	1fa0	1.934
1710619950	2024-03-16 21:12:30	c492	5.184
1710619950	2024-03-16 21:12:30	399a	8.863
1710619950	2024-03-16 21:12:30	1fa0	1.859
1710619950	2024-03-16 21:12:30	a304	3.596
1710619950	2024-03-16 21:12:30	c492	5.269
1710619950	2024-03-16 21:12:30	c492	5.077
1710619950	2024-03-16 21:12:30	399a	8.83
1710619950	2024-03-16 21:12:30	1fa0	2.065
1710619950	2024-03-16 21:12:30	a304	3.699
1710619951	2024-03-16 21:12:31	2eff	6.374
1710619951	2024-03-16 21:12:31	1fa0	2.379
1710619951	2024-03-16 21:12:31	a304	4.228
1710619951	2024-03-16 21:12:31	c492	5.583
1710619951	2024-03-16 21:12:31	2eff	6.103
1710619951	2024-03-16 21:12:31	1fa0	2.309
1710619951	2024-03-16 21:12:31	a304	3.966
1710619951	2024-03-16 21:12:31	c492	5.357
1710619952	2024-03-16 21:12:32	a304	3.826
1710619952	2024-03-16 21:12:32	1fa0	1.845
1710619952	2024-03-16 21:12:32	eb38	6.988
1710619952	2024-03-16 21:12:32	a304	3.741
1710619952	2024-03-16 21:12:32	2eff	5.84
1710619952	2024-03-16 21:12:32	1fa0	1.869
1710619952	2024-03-16 21:12:32	eb38	7.078
1710619953	2024-03-16 21:12:33	a304	3.633
1710619953	2024-03-16 21:12:33	1fa0	1.682
1710619953	2024-03-16 21:12:33	eb38	7.288
1710619954	2024-03-16 21:12:34	a304	3.535
1710619954	2024-03-16 21:12:34	1fa0	1.536
1710619954	2024-03-16 21:12:34	a304	3.554
1710619954	2024-03-16 21:12:34	eb38	7.368
1710619962	2024-03-16 21:12:42	1fa0	0.45
1710619962	2024-03-16 21:12:42	a304	3.259
1710619962	2024-03-16 21:12:42	c492	6.402
1710619967	2024-03-16 21:12:47	1fa0	1.27
1710619967	2024-03-16 21:12:47	a304	2.361
1710619967	2024-03-16 21:12:47	c492	5.882
1710619973	2024-03-16 21:12:53	a304	2.403
1710619973	2024-03-16 21:12:53	c492	5.906
1710619973	2024-03-16 21:12:53	1fa0	1.443
1710619977	2024-03-16 21:12:57	a304	1.93
1710619977	2024-03-16 21:12:57	c492	6.215
1710619977	2024-03-16 21:12:57	1fa0	1.841
1710619978	2024-03-16 21:12:58	1fa0	1.836
1710619978	2024-03-16 21:12:58	c492	6.82
1710619987	2024-03-16 21:13:07	a304	1.148
1710619987	2024-03-16 21:13:07	1fa0	2.44
1710619987	2024-03-16 21:13:07	c492	6.229
1710619992	2024-03-16 21:13:12	c492	4.95
1710619992	2024-03-16 21:13:12	1fa0	2.66
1710619992	2024-03-16 21:13:12	399a	7.096
1710619992	2024-03-16 21:13:12	a304	1.382
1710619995	2024-03-16 21:13:15	1fa0	2.59
1710619995	2024-03-16 21:13:15	c492	5.597
1710619995	2024-03-16 21:13:15	a304	1.232
1710619999	2024-03-16 21:13:19	399a	7.199
1710619999	2024-03-16 21:13:19	a304	1.209
1710619999	2024-03-16 21:13:19	1fa0	2.623
1710619999	2024-03-16 21:13:19	c492	5.906
1710620002	2024-03-16 21:13:22	a304	1.326
1710620002	2024-03-16 21:13:22	399a	7.157
1710620002	2024-03-16 21:13:22	1fa0	2.646
1710620002	2024-03-16 21:13:22	c492	5.404
1710620003	2024-03-16 21:13:23	1fa0	2.664
1710620003	2024-03-16 21:13:23	c492	5.479
1710620003	2024-03-16 21:13:23	a304	1.138
1710620003	2024-03-16 21:13:23	a304	1.18
1710620003	2024-03-16 21:13:23	1fa0	2.608
1710620003	2024-03-16 21:13:23	c492	5.442
1710620004	2024-03-16 21:13:24	c492	4.941
1710620004	2024-03-16 21:13:24	399a	7.175
1710620004	2024-03-16 21:13:24	a304	1.138
1710620004	2024-03-16 21:13:24	1fa0	2.66
1710620004	2024-03-16 21:13:24	c492	5.03
1710620004	2024-03-16 21:13:24	1fa0	2.623
1710620004	2024-03-16 21:13:24	a304	1.19
1710620005	2024-03-16 21:13:25	1fa0	2.651
1710620005	2024-03-16 21:13:25	c492	5.03
1710620005	2024-03-16 21:13:25	a304	1.152
1710620005	2024-03-16 21:13:25	1fa0	2.637
1710620005	2024-03-16 21:13:25	a304	1.19
1710620005	2024-03-16 21:13:25	c492	5.26
1710620006	2024-03-16 21:13:26	1fa0	2.674
1710620006	2024-03-16 21:13:26	399a	7.194
1710620006	2024-03-16 21:13:26	399a	7.199
1710620006	2024-03-16 21:13:26	1fa0	2.669
1710620006	2024-03-16 21:13:26	c492	5.03
1710620006	2024-03-16 21:13:26	1fa0	2.674
1710620006	2024-03-16 21:13:26	c492	5.044
1710620006	2024-03-16 21:13:26	a304	1.312
1710620007	2024-03-16 21:13:27	1fa0	2.926
1710620007	2024-03-16 21:13:27	c492	5.02
1710620007	2024-03-16 21:13:27	a304	1.621
1710620007	2024-03-16 21:13:27	c492	5.072
1710620007	2024-03-16 21:13:27	1fa0	3.147
1710620007	2024-03-16 21:13:27	a304	1.611
1710620007	2024-03-16 21:13:27	1fa0	3.133
1710620007	2024-03-16 21:13:27	a304	1.635
1710620007	2024-03-16 21:13:27	c492	5.512
1710620008	2024-03-16 21:13:28	a304	1.682
1710620008	2024-03-16 21:13:28	c492	5.4
1710620008	2024-03-16 21:13:28	1fa0	2.491
1710620008	2024-03-16 21:13:28	a304	1.457
1710620008	2024-03-16 21:13:28	1fa0	2.683
1710620008	2024-03-16 21:13:28	eb38	10.109
1710620009	2024-03-16 21:13:29	1fa0	2.702
1710620009	2024-03-16 21:13:29	a304	1.18
1710620016	2024-03-16 21:13:36	a304	1.345
1710620016	2024-03-16 21:13:36	c492	5.512
1710620016	2024-03-16 21:13:36	1fa0	2.819
1710620017	2024-03-16 21:13:37	a304	1.312
1710620017	2024-03-16 21:13:37	1fa0	2.744
1710620017	2024-03-16 21:13:37	a304	1.27
1710620017	2024-03-16 21:13:37	1fa0	2.72
1710620018	2024-03-16 21:13:38	c492	5.559
1710620018	2024-03-16 21:13:38	1fa0	2.777
1710620018	2024-03-16 21:13:38	1fa0	2.753
1710620018	2024-03-16 21:13:38	c492	5.845
1710620019	2024-03-16 21:13:39	1fa0	2.716
1710620019	2024-03-16 21:13:39	a304	1.288
1710620019	2024-03-16 21:13:39	c492	5.77
1710620019	2024-03-16 21:13:39	a304	1.204
1710620019	2024-03-16 21:13:39	c492	5.138
1710620019	2024-03-16 21:13:39	1fa0	2.711
1710620020	2024-03-16 21:13:40	a304	1.274
1710620020	2024-03-16 21:13:40	1fa0	2.72
1710620020	2024-03-16 21:13:40	c492	5.55
1710620020	2024-03-16 21:13:40	a304	1.307
1710620020	2024-03-16 21:13:40	1fa0	2.697
1710620020	2024-03-16 21:13:40	c492	5.447
1710620020	2024-03-16 21:13:40	c492	5.418
1710620020	2024-03-16 21:13:40	1fa0	2.706
1710620020	2024-03-16 21:13:40	a304	1.349
1710620021	2024-03-16 21:13:41	1fa0	2.674
1710620021	2024-03-16 21:13:41	c492	5.554
1710620021	2024-03-16 21:13:41	a304	1.434
1710620021	2024-03-16 21:13:41	1fa0	2.674
1710620021	2024-03-16 21:13:41	399a	7.208
1710620021	2024-03-16 21:13:41	c492	5.615
1710620021	2024-03-16 21:13:41	a304	1.321
1710620022	2024-03-16 21:13:42	c492	5.32
1710620022	2024-03-16 21:13:42	1fa0	2.678
1710620022	2024-03-16 21:13:42	a304	1.368
1710620022	2024-03-16 21:13:42	a304	1.471
1710620022	2024-03-16 21:13:42	1fa0	2.702
1710620022	2024-03-16 21:13:42	c492	5.526
1710620023	2024-03-16 21:13:43	399a	7.227
1710620023	2024-03-16 21:13:43	1fa0	2.744
1710620023	2024-03-16 21:13:43	a304	1.499
1710620023	2024-03-16 21:13:43	c492	5.55
1710620023	2024-03-16 21:13:43	1fa0	2.725
1710620023	2024-03-16 21:13:43	a304	1.466
1710620023	2024-03-16 21:13:43	c492	5.418
1710620028	2024-03-16 21:13:48	c492	5.517
1710620028	2024-03-16 21:13:48	a304	1.27
1710620028	2024-03-16 21:13:48	1fa0	2.739
1710620029	2024-03-16 21:13:49	1fa0	2.576
1710620029	2024-03-16 21:13:49	a304	1.218
1710620029	2024-03-16 21:13:49	c492	4.969
1710620030	2024-03-16 21:13:50	1fa0	2.711
1710620030	2024-03-16 21:13:50	a304	1.246
1710620030	2024-03-16 21:13:50	c492	5.344
1710620030	2024-03-16 21:13:50	399a	7.152
1710620030	2024-03-16 21:13:50	c492	5.418
1710620030	2024-03-16 21:13:50	a304	1.232
1710620030	2024-03-16 21:13:50	1fa0	2.688
1710620031	2024-03-16 21:13:51	399a	7.138
1710620031	2024-03-16 21:13:51	a304	1.166
1710620031	2024-03-16 21:13:51	1fa0	2.627
1710620031	2024-03-16 21:13:51	c492	5.634
1710620031	2024-03-16 21:13:51	399a	7.114
1710620031	2024-03-16 21:13:51	1fa0	2.72
1710620031	2024-03-16 21:13:51	a304	1.204
1710620031	2024-03-16 21:13:51	c492	5.105
1710620032	2024-03-16 21:13:52	eb38	10.236
1710620032	2024-03-16 21:13:52	a304	1.209
1710620032	2024-03-16 21:13:52	1fa0	2.641
1710620032	2024-03-16 21:13:52	1fa0	2.655
1710620032	2024-03-16 21:13:52	a304	1.209
1710620032	2024-03-16 21:13:52	eb38	10.231
1710620033	2024-03-16 21:13:53	a304	1.232
1710620033	2024-03-16 21:13:53	1fa0	2.655
1710620033	2024-03-16 21:13:53	eb38	10.194
1710620034	2024-03-16 21:13:54	a304	1.209
1710620034	2024-03-16 21:13:54	c492	5.325
1710620034	2024-03-16 21:13:54	1fa0	2.594
1710620034	2024-03-16 21:13:54	a304	1.288
1710620034	2024-03-16 21:13:54	399a	7.246
1710620034	2024-03-16 21:13:54	c492	5.817
1710620034	2024-03-16 21:13:54	1fa0	2.669
1710620034	2024-03-16 21:13:54	a304	1.204
1710620034	2024-03-16 21:13:54	1fa0	2.786
1710620034	2024-03-16 21:13:54	c492	5.849
1710620035	2024-03-16 21:13:55	399a	7.133
1710620035	2024-03-16 21:13:55	a304	1.26
1710620035	2024-03-16 21:13:55	1fa0	3.184
1710620036	2024-03-16 21:13:56	a304	1.223
1710620036	2024-03-16 21:13:56	1fa0	2.866
1710620036	2024-03-16 21:13:56	399a	7.218
1710620036	2024-03-16 21:13:56	a304	1.218
1710620036	2024-03-16 21:13:56	1fa0	2.777
1710620036	2024-03-16 21:13:56	c492	5.512
1710620036	2024-03-16 21:13:56	399a	7.189
1710620036	2024-03-16 21:13:56	eb38	10.175
1710620036	2024-03-16 21:13:56	1fa0	2.767
1710620036	2024-03-16 21:13:56	a304	1.27
1710620037	2024-03-16 21:13:57	399a	7.222
1710620037	2024-03-16 21:13:57	1fa0	2.716
1710620037	2024-03-16 21:13:57	eb38	10.128
1710620038	2024-03-16 21:13:58	399a	7.204
1710620038	2024-03-16 21:13:58	eb38	10.264
1710620038	2024-03-16 21:13:58	1fa0	2.674
1710620038	2024-03-16 21:13:58	a304	1.232
1710620038	2024-03-16 21:13:58	1fa0	2.683
1710620038	2024-03-16 21:13:58	c492	5.357
1710620039	2024-03-16 21:13:59	399a	7.161
1710620039	2024-03-16 21:13:59	1fa0	2.716
1710620039	2024-03-16 21:13:59	a304	1.194
1710620039	2024-03-16 21:13:59	eb38	10.287
1710620039	2024-03-16 21:13:59	a304	1.232
1710620039	2024-03-16 21:13:59	399a	7.213
1710620039	2024-03-16 21:13:59	eb38	10.456
1710620039	2024-03-16 21:13:59	1fa0	2.664
1710620040	2024-03-16 21:14:00	399a	7.199
1710620040	2024-03-16 21:14:00	1fa0	2.711
1710620040	2024-03-16 21:14:00	c492	5.615
1710620043	2024-03-16 21:14:03	c492	5.489
1710620043	2024-03-16 21:14:03	399a	7.241
1710620043	2024-03-16 21:14:03	1fa0	2.716
1710620043	2024-03-16 21:14:03	399a	7.171
1710620043	2024-03-16 21:14:03	1fa0	2.744
1710620043	2024-03-16 21:14:03	c492	5.255
1710620045	2024-03-16 21:14:05	399a	6.956
1710620045	2024-03-16 21:14:05	1fa0	2.248
1710620045	2024-03-16 21:14:05	c492	4.336
1710620045	2024-03-16 21:14:05	a304	1.621
1710620047	2024-03-16 21:14:07	399a	6.552
1710620047	2024-03-16 21:14:07	1fa0	3.02
1710620047	2024-03-16 21:14:07	c492	4.018
1710620047	2024-03-16 21:14:07	a304	1.859
1710620048	2024-03-16 21:14:08	399a	6.613
1710620048	2024-03-16 21:14:08	a304	1.817
1710620048	2024-03-16 21:14:08	c492	3.802
1710620048	2024-03-16 21:14:08	1fa0	2.716
1710620048	2024-03-16 21:14:08	399a	6.866
1710620048	2024-03-16 21:14:08	a304	1.948
1710620048	2024-03-16 21:14:08	1fa0	2.749
1710620048	2024-03-16 21:14:08	c492	3.774
1710620049	2024-03-16 21:14:09	a304	2.07
1710620049	2024-03-16 21:14:09	399a	6.702
1710620049	2024-03-16 21:14:09	1fa0	2.805
1710620049	2024-03-16 21:14:09	c492	3.671
1710620050	2024-03-16 21:14:10	399a	6.613
1710620050	2024-03-16 21:14:10	a304	2.112
1710620050	2024-03-16 21:14:10	1fa0	2.889
1710620050	2024-03-16 21:14:10	c492	3.638
1710620050	2024-03-16 21:14:10	399a	6.627
1710620050	2024-03-16 21:14:10	c492	3.675
1710620050	2024-03-16 21:14:10	399a	7.059
1710620050	2024-03-16 21:14:10	1fa0	3.273
1710620050	2024-03-16 21:14:10	c492	3.629
1710620051	2024-03-16 21:14:11	399a	6.562
1710620051	2024-03-16 21:14:11	a304	2.145
1710620051	2024-03-16 21:14:11	1fa0	2.875
1710620051	2024-03-16 21:14:11	c492	3.774
1710620051	2024-03-16 21:14:11	399a	6.637
1710620051	2024-03-16 21:14:11	1fa0	2.697
1710620051	2024-03-16 21:14:11	a304	2.182
1710620051	2024-03-16 21:14:11	c492	3.587
1710620052	2024-03-16 21:14:12	399a	6.66
1710620052	2024-03-16 21:14:12	1fa0	2.543
1710620052	2024-03-16 21:14:12	c492	4.027
1710620052	2024-03-16 21:14:12	a304	1.836
1710620052	2024-03-16 21:14:12	399a	6.679
1710620052	2024-03-16 21:14:12	a304	1.798
1710620052	2024-03-16 21:14:12	c492	4.013
1710620053	2024-03-16 21:14:13	a304	1.967
1710620053	2024-03-16 21:14:13	399a	6.641
1710620053	2024-03-16 21:14:13	1fa0	2.468
1710620053	2024-03-16 21:14:13	c492	3.99
1710620053	2024-03-16 21:14:13	399a	6.66
1710620053	2024-03-16 21:14:13	1fa0	2.487
1710620053	2024-03-16 21:14:13	a304	2.407
1710620053	2024-03-16 21:14:13	c492	4.051
1710620054	2024-03-16 21:14:14	399a	6.646
1710620054	2024-03-16 21:14:14	c492	4.046
1710620054	2024-03-16 21:14:14	1fa0	2.454
1710620054	2024-03-16 21:14:14	a304	2.421
1710620054	2024-03-16 21:14:14	399a	6.627
1710620054	2024-03-16 21:14:14	a304	2.435
1710620054	2024-03-16 21:14:14	1fa0	2.505
1710620054	2024-03-16 21:14:14	c492	4.032
1710620055	2024-03-16 21:14:15	399a	6.707
1710620055	2024-03-16 21:14:15	1fa0	2.458
1710620055	2024-03-16 21:14:15	c492	4.051
1710620055	2024-03-16 21:14:15	a304	2.239
1710620055	2024-03-16 21:14:15	399a	6.641
1710620055	2024-03-16 21:14:15	c492	4.055
1710620055	2024-03-16 21:14:15	1fa0	2.468
1710620055	2024-03-16 21:14:15	a304	2.164
1710620056	2024-03-16 21:14:16	a304	2.159
1710620056	2024-03-16 21:14:16	399a	6.637
1710620056	2024-03-16 21:14:16	1fa0	2.496
1710620056	2024-03-16 21:14:16	c492	4.037
1710620056	2024-03-16 21:14:16	399a	6.651
1710620056	2024-03-16 21:14:16	1fa0	2.482
1710620056	2024-03-16 21:14:16	a304	2.088
1710620056	2024-03-16 21:14:16	c492	4.041
1710620057	2024-03-16 21:14:17	a304	2.032
1710620057	2024-03-16 21:14:17	399a	6.679
1710620057	2024-03-16 21:14:17	1fa0	2.458
1710620057	2024-03-16 21:14:17	c492	4.041
1710620057	2024-03-16 21:14:17	399a	6.646
1710620057	2024-03-16 21:14:17	a304	2.06
1710620057	2024-03-16 21:14:17	c492	4.041
1710620057	2024-03-16 21:14:17	1fa0	2.477
1710620057	2024-03-16 21:14:17	399a	6.641
1710620057	2024-03-16 21:14:17	c492	4.06
1710620057	2024-03-16 21:14:17	1fa0	2.468
1710620057	2024-03-16 21:14:17	a304	2.023
1710620060	2024-03-16 21:14:20	399a	6.665
1710620060	2024-03-16 21:14:20	a304	2.421
1710620060	2024-03-16 21:14:20	1fa0	2.477
1710620060	2024-03-16 21:14:20	c492	4.046
1710620060	2024-03-16 21:14:20	399a	6.477
1710620060	2024-03-16 21:14:20	1fa0	2.861
1710620060	2024-03-16 21:14:20	a304	2.178
1710620060	2024-03-16 21:14:20	c492	3.376
1710620061	2024-03-16 21:14:21	399a	6.463
1710620061	2024-03-16 21:14:21	a304	2.182
1710620061	2024-03-16 21:14:21	c492	3.391
1710620061	2024-03-16 21:14:21	1fa0	2.856
1710620062	2024-03-16 21:14:22	399a	6.472
1710620062	2024-03-16 21:14:22	a304	2.121
1710620062	2024-03-16 21:14:22	c492	3.386
1710620062	2024-03-16 21:14:22	1fa0	2.885
1710620062	2024-03-16 21:14:22	399a	6.468
1710620062	2024-03-16 21:14:22	c492	3.391
1710620062	2024-03-16 21:14:22	a304	2.107
1710620062	2024-03-16 21:14:22	1fa0	2.912
1710620063	2024-03-16 21:14:23	399a	6.477
1710620063	2024-03-16 21:14:23	a304	2.107
1710620063	2024-03-16 21:14:23	1fa0	2.931
1710620063	2024-03-16 21:14:23	c492	3.39
1710620063	2024-03-16 21:14:23	c492	3.395
1710620063	2024-03-16 21:14:23	a304	2.121
1710620063	2024-03-16 21:14:23	399a	6.487
1710620063	2024-03-16 21:14:23	1fa0	2.936
1710620064	2024-03-16 21:14:24	399a	6.44
1710620064	2024-03-16 21:14:24	a304	2.145
1710620064	2024-03-16 21:14:24	1fa0	2.912
1710620064	2024-03-16 21:14:24	c492	3.395
1710620064	2024-03-16 21:14:24	399a	6.426
1710620064	2024-03-16 21:14:24	a304	2.135
1710620064	2024-03-16 21:14:24	c492	3.367
1710620064	2024-03-16 21:14:24	1fa0	2.908
1710620065	2024-03-16 21:14:25	399a	6.491
1710620065	2024-03-16 21:14:25	a304	2.117
1710620065	2024-03-16 21:14:25	1fa0	2.875
1710620065	2024-03-16 21:14:25	c492	3.358
1710620066	2024-03-16 21:14:26	399a	6.496
1710620066	2024-03-16 21:14:26	a304	2.131
1710620066	2024-03-16 21:14:26	c492	3.292
1710620066	2024-03-16 21:14:26	1fa0	2.954
1710620066	2024-03-16 21:14:26	c492	3.353
1710620066	2024-03-16 21:14:26	399a	6.491
1710620066	2024-03-16 21:14:26	a304	2.135
1710620067	2024-03-16 21:14:27	a304	2.042
1710620067	2024-03-16 21:14:27	399a	6.665
1710620067	2024-03-16 21:14:27	c492	3.924
1710620067	2024-03-16 21:14:27	1fa0	3.203
1710620068	2024-03-16 21:14:28	399a	6.749
1710620068	2024-03-16 21:14:28	a304	2.098
1710620068	2024-03-16 21:14:28	1fa0	2.613
1710620068	2024-03-16 21:14:28	c492	3.526
1710620068	2024-03-16 21:14:28	a304	2.384
1710620069	2024-03-16 21:14:29	399a	6.037
1710620069	2024-03-16 21:14:29	a304	2.454
1710620069	2024-03-16 21:14:29	1fa0	2.875
1710620069	2024-03-16 21:14:29	c492	3.736
1710620070	2024-03-16 21:14:30	a304	3.081
1710620070	2024-03-16 21:14:30	399a	5.339
1710620070	2024-03-16 21:14:30	1fa0	2.954
1710620070	2024-03-16 21:14:30	c492	3.877
1710620070	2024-03-16 21:14:30	399a	5.25
1710620070	2024-03-16 21:14:30	c492	3.367
1710620070	2024-03-16 21:14:30	1fa0	3.011
1710620071	2024-03-16 21:14:31	399a	5.278
1710620071	2024-03-16 21:14:31	1fa0	3.137
1710620071	2024-03-16 21:14:31	c492	2.982
1710620071	2024-03-16 21:14:31	399a	6.042
1710620071	2024-03-16 21:14:31	6aca	9.204
1710620071	2024-03-16 21:14:31	1fa0	3.076
1710620071	2024-03-16 21:14:31	c492	3.048
1710620072	2024-03-16 21:14:32	399a	7.368
1710620072	2024-03-16 21:14:32	1fa0	2.908
1710620072	2024-03-16 21:14:32	c492	3.104
1710620072	2024-03-16 21:14:32	2eff	4.992
1710620072	2024-03-16 21:14:32	a304	3.39
1710620072	2024-03-16 21:14:32	c492	2.968
1710620073	2024-03-16 21:14:33	a304	3.633
1710620073	2024-03-16 21:14:33	c492	2.847
1710620073	2024-03-16 21:14:33	1fa0	3.128
1710620073	2024-03-16 21:14:33	399a	7.077
1710620073	2024-03-16 21:14:33	a304	3.362
1710620073	2024-03-16 21:14:33	1fa0	3.339
1710620073	2024-03-16 21:14:33	c492	3.043
1710620074	2024-03-16 21:14:34	399a	7.091
1710620074	2024-03-16 21:14:34	a304	3.376
1710620074	2024-03-16 21:14:34	c492	3.118
1710620074	2024-03-16 21:14:34	1fa0	3.17
1710620074	2024-03-16 21:14:34	399a	7.063
1710620074	2024-03-16 21:14:34	eb38	9.809
1710620075	2024-03-16 21:14:35	399a	7.002
1710620075	2024-03-16 21:14:35	c492	2.861
1710620075	2024-03-16 21:14:35	1fa0	3.043
1710620076	2024-03-16 21:14:36	399a	7.274
1710620076	2024-03-16 21:14:36	6aca	8.567
1710620076	2024-03-16 21:14:36	c492	2.833
1710620076	2024-03-16 21:14:36	1fa0	2.954
1710620076	2024-03-16 21:14:36	6aca	8.539
1710620076	2024-03-16 21:14:36	399a	7.049
1710620076	2024-03-16 21:14:36	c492	2.945
1710620076	2024-03-16 21:14:36	1fa0	2.875
1710620078	2024-03-16 21:14:38	399a	5.92
1710620078	2024-03-16 21:14:38	c492	2.907
1710620078	2024-03-16 21:14:38	1fa0	2.8
1710620078	2024-03-16 21:14:38	a304	3.165
1710620078	2024-03-16 21:14:38	399a	5.531
1710620078	2024-03-16 21:14:38	1fa0	2.805
1710620078	2024-03-16 21:14:38	a304	3.179
1710620078	2024-03-16 21:14:38	c492	2.903
1710620078	2024-03-16 21:14:38	399a	4.327
1710620078	2024-03-16 21:14:38	c492	2.95
1710620078	2024-03-16 21:14:38	1fa0	3.006
1710620078	2024-03-16 21:14:38	a304	3.423
1710620079	2024-03-16 21:14:39	399a	5.18
1710620079	2024-03-16 21:14:39	a304	3.484
1710620079	2024-03-16 21:14:39	1fa0	3.072
1710620079	2024-03-16 21:14:39	c492	2.73
1710620079	2024-03-16 21:14:39	399a	7.171
1710620079	2024-03-16 21:14:39	1fa0	3.142
1710620079	2024-03-16 21:14:39	a304	3.217
1710620079	2024-03-16 21:14:39	c492	2.899
1710620080	2024-03-16 21:14:40	399a	6.557
1710620080	2024-03-16 21:14:40	c492	2.805
1710620080	2024-03-16 21:14:40	1fa0	3.24
1710620080	2024-03-16 21:14:40	a304	3.391
1710620081	2024-03-16 21:14:41	399a	5.039
1710620081	2024-03-16 21:14:41	6aca	8.774
1710620081	2024-03-16 21:14:41	c492	2.739
1710620081	2024-03-16 21:14:41	1fa0	3.179
1710620081	2024-03-16 21:14:41	c492	2.72
1710620081	2024-03-16 21:14:41	1fa0	3.517
1710620081	2024-03-16 21:14:41	6aca	8.422
1710620081	2024-03-16 21:14:41	6aca	8.422
1710620081	2024-03-16 21:14:41	399a	4.453
1710620081	2024-03-16 21:14:41	1fa0	3.367
1710620081	2024-03-16 21:14:41	c492	2.856
1710620082	2024-03-16 21:14:42	399a	4.627
1710620082	2024-03-16 21:14:42	6aca	8.525
1710620082	2024-03-16 21:14:42	1fa0	3.779
1710620082	2024-03-16 21:14:42	c492	2.819
1710620082	2024-03-16 21:14:42	399a	4.735
1710620082	2024-03-16 21:14:42	6aca	8.605
1710620082	2024-03-16 21:14:42	1fa0	3.797
1710620082	2024-03-16 21:14:42	c492	2.819
1710620083	2024-03-16 21:14:43	399a	4.945
1710620083	2024-03-16 21:14:43	1fa0	3.797
1710620083	2024-03-16 21:14:43	a304	4.289
1710620083	2024-03-16 21:14:43	c492	2.824
1710620083	2024-03-16 21:14:43	399a	5.161
1710620083	2024-03-16 21:14:43	a304	4.167
1710620083	2024-03-16 21:14:43	1fa0	3.788
1710620083	2024-03-16 21:14:43	c492	2.838
1710620084	2024-03-16 21:14:44	399a	4.134
1710620084	2024-03-16 21:14:44	1fa0	3.755
1710620084	2024-03-16 21:14:44	c492	2.814
1710620084	2024-03-16 21:14:44	a304	4.12
1710620084	2024-03-16 21:14:44	6aca	8.567
1710620084	2024-03-16 21:14:44	399a	4.341
1710620084	2024-03-16 21:14:44	1fa0	3.76
1710620084	2024-03-16 21:14:44	c492	2.847
1710620085	2024-03-16 21:14:45	399a	4.463
1710620085	2024-03-16 21:14:45	a304	4.121
1710620085	2024-03-16 21:14:45	c492	2.753
1710620085	2024-03-16 21:14:45	1fa0	3.358
1710620086	2024-03-16 21:14:46	399a	6.59
1710620086	2024-03-16 21:14:46	a304	3.189
1710620086	2024-03-16 21:14:46	1fa0	2.945
1710620086	2024-03-16 21:14:46	c492	3.015
1710620086	2024-03-16 21:14:46	399a	6.112
1710620086	2024-03-16 21:14:46	a304	3.165
1710620086	2024-03-16 21:14:46	c492	2.992
1710620086	2024-03-16 21:14:46	1fa0	2.758
1710620086	2024-03-16 21:14:46	a304	3.109
1710620086	2024-03-16 21:14:46	399a	7.049
1710620086	2024-03-16 21:14:46	1fa0	2.828
1710620086	2024-03-16 21:14:46	c492	2.936
1710620087	2024-03-16 21:14:47	399a	5.414
1710620087	2024-03-16 21:14:47	6aca	8.511
1710620087	2024-03-16 21:14:47	1fa0	2.824
1710620087	2024-03-16 21:14:47	c492	2.973
1710620088	2024-03-16 21:14:48	399a	5.78
1710620088	2024-03-16 21:14:48	1fa0	2.81
1710620088	2024-03-16 21:14:48	a304	3.058
1710620088	2024-03-16 21:14:48	c492	2.968
1710620088	2024-03-16 21:14:48	399a	5.891
1710620088	2024-03-16 21:14:48	1fa0	2.777
1710620088	2024-03-16 21:14:48	a304	3.072
1710620088	2024-03-16 21:14:48	c492	2.954
1710620088	2024-03-16 21:14:48	399a	6.154
1710620088	2024-03-16 21:14:48	a304	3.109
1710620088	2024-03-16 21:14:48	1fa0	2.819
1710620088	2024-03-16 21:14:48	c492	2.959
1710620089	2024-03-16 21:14:49	399a	6.848
1710620089	2024-03-16 21:14:49	c492	3.034
1710620089	2024-03-16 21:14:49	1fa0	2.749
1710620089	2024-03-16 21:14:49	a304	3.067
1710620090	2024-03-16 21:14:50	399a	6.862
1710620090	2024-03-16 21:14:50	a304	3.348
1710620090	2024-03-16 21:14:50	c492	2.982
1710620090	2024-03-16 21:14:50	1fa0	2.739
1710620090	2024-03-16 21:14:50	399a	5.952
1710620090	2024-03-16 21:14:50	1fa0	2.88
1710620090	2024-03-16 21:14:50	c492	2.945
1710620091	2024-03-16 21:14:51	399a	6.131
1710620091	2024-03-16 21:14:51	1fa0	2.791
1710620091	2024-03-16 21:14:51	c492	2.926
1710620091	2024-03-16 21:14:51	399a	5.184
1710620091	2024-03-16 21:14:51	a304	3.689
1710620091	2024-03-16 21:14:51	c492	2.899
1710620091	2024-03-16 21:14:51	1fa0	2.763
1710620091	2024-03-16 21:14:51	a304	3.601
1710620091	2024-03-16 21:14:51	1fa0	2.805
1710620091	2024-03-16 21:14:51	399a	5.395
1710620091	2024-03-16 21:14:51	c492	2.894
1710620092	2024-03-16 21:14:52	399a	6.848
1710620092	2024-03-16 21:14:52	a304	3.549
1710620092	2024-03-16 21:14:52	c492	2.899
1710620093	2024-03-16 21:14:53	399a	6.018
1710620093	2024-03-16 21:14:53	1fa0	2.828
1710620093	2024-03-16 21:14:53	c492	2.907
1710620093	2024-03-16 21:14:53	399a	5.545
1710620093	2024-03-16 21:14:53	1fa0	2.936
1710620093	2024-03-16 21:14:53	c492	2.871
1710620094	2024-03-16 21:14:54	399a	5.105
1710620094	2024-03-16 21:14:54	c492	2.88
1710620094	2024-03-16 21:14:54	1fa0	3.133
1710620094	2024-03-16 21:14:54	a304	3.123
1710620094	2024-03-16 21:14:54	399a	5.269
1710620094	2024-03-16 21:14:54	1fa0	3.179
1710620094	2024-03-16 21:14:54	c492	2.781
1710620095	2024-03-16 21:14:55	399a	5.568
1710620095	2024-03-16 21:14:55	1fa0	3.301
1710620095	2024-03-16 21:14:55	c492	2.786
1710620096	2024-03-16 21:14:56	6aca	8.581
1710620096	2024-03-16 21:14:56	399a	3.985
1710620096	2024-03-16 21:14:56	c492	2.871
1710620096	2024-03-16 21:14:56	1fa0	3.175
1710620096	2024-03-16 21:14:56	6aca	8.455
1710620096	2024-03-16 21:14:56	2eff	5.133
1710620096	2024-03-16 21:14:56	1fa0	3.446
1710620096	2024-03-16 21:14:56	c492	3.067
1710620096	2024-03-16 21:14:56	6aca	8.487
1710620096	2024-03-16 21:14:56	2eff	5.091
1710620096	2024-03-16 21:14:56	1fa0	3.765
1710620096	2024-03-16 21:14:56	c492	3.034
1710620101	2024-03-16 21:15:01	1fa0	3.615
1710620101	2024-03-16 21:15:01	c492	2.791
1710620101	2024-03-16 21:15:01	a304	3.802
1710620102	2024-03-16 21:15:02	2eff	4.589
1710620102	2024-03-16 21:15:02	a304	3.976
1710620102	2024-03-16 21:15:02	c492	2.908
1710620102	2024-03-16 21:15:02	1fa0	3.339
1710620103	2024-03-16 21:15:03	2eff	4.632
1710620103	2024-03-16 21:15:03	1fa0	3.273
1710620103	2024-03-16 21:15:03	eb38	7.78
1710620103	2024-03-16 21:15:03	a304	4.055
1710620103	2024-03-16 21:15:03	2eff	4.533
1710620103	2024-03-16 21:15:03	1fa0	3.245
1710620103	2024-03-16 21:15:03	eb38	7.742
1710620104	2024-03-16 21:15:04	a304	3.933
1710620104	2024-03-16 21:15:04	2eff	4.693
1710620104	2024-03-16 21:15:04	eb38	7.728
1710620104	2024-03-16 21:15:04	1fa0	3.194
1710620104	2024-03-16 21:15:04	2eff	4.679
1710620104	2024-03-16 21:15:04	a304	4.06
1710620104	2024-03-16 21:15:04	c492	2.88
1710620104	2024-03-16 21:15:04	1fa0	3.198
1710620105	2024-03-16 21:15:05	a304	4.041
1710620105	2024-03-16 21:15:05	2eff	4.711
1710620105	2024-03-16 21:15:05	1fa0	3.236
1710620105	2024-03-16 21:15:05	c492	2.875
1710620106	2024-03-16 21:15:06	c492	2.847
1710620106	2024-03-16 21:15:06	1fa0	3.133
1710620106	2024-03-16 21:15:06	a304	4.079
1710620106	2024-03-16 21:15:06	c492	2.842
1710620106	2024-03-16 21:15:06	2eff	4.627
1710620106	2024-03-16 21:15:06	1fa0	3.217
1710620106	2024-03-16 21:15:06	a304	4.093
1710620106	2024-03-16 21:15:06	2eff	4.697
1710620106	2024-03-16 21:15:06	c492	2.88
1710620106	2024-03-16 21:15:06	a304	3.952
1710620106	2024-03-16 21:15:06	1fa0	3.212
1710620107	2024-03-16 21:15:07	a304	3.933
1710620107	2024-03-16 21:15:07	399a	4.158
1710620107	2024-03-16 21:15:07	1fa0	3.264
1710620107	2024-03-16 21:15:07	c492	2.833
1710620107	2024-03-16 21:15:07	399a	5.934
1710620107	2024-03-16 21:15:07	1fa0	3.423
1710620107	2024-03-16 21:15:07	c492	3.348
1710620108	2024-03-16 21:15:08	399a	6.444
1710620108	2024-03-16 21:15:08	a304	3.058
1710620108	2024-03-16 21:15:08	1fa0	3.704
1710620108	2024-03-16 21:15:08	c492	3.278
1710620108	2024-03-16 21:15:08	399a	7.035
1710620108	2024-03-16 21:15:08	1fa0	2.94
1710620108	2024-03-16 21:15:08	c492	3.264
1710620109	2024-03-16 21:15:09	399a	6.552
1710620109	2024-03-16 21:15:09	1fa0	2.959
1710620109	2024-03-16 21:15:09	a304	3.165
1710620109	2024-03-16 21:15:09	c492	3.292
1710620109	2024-03-16 21:15:09	399a	5.808
1710620109	2024-03-16 21:15:09	1fa0	3.367
1710620109	2024-03-16 21:15:09	c492	3.048
1710620110	2024-03-16 21:15:10	2eff	5.189
1710620110	2024-03-16 21:15:10	1fa0	2.973
1710620110	2024-03-16 21:15:10	c492	3.306
1710620110	2024-03-16 21:15:10	2eff	5.128
1710620110	2024-03-16 21:15:10	1fa0	3.217
1710620110	2024-03-16 21:15:10	c492	3.315
1710620111	2024-03-16 21:15:11	399a	7.288
1710620111	2024-03-16 21:15:11	1fa0	3.165
1710620111	2024-03-16 21:15:11	c492	3.348
1710620111	2024-03-16 21:15:11	399a	5.432
1710620111	2024-03-16 21:15:11	a304	3.029
1710620111	2024-03-16 21:15:11	c492	3.306
1710620111	2024-03-16 21:15:11	1fa0	3.573
1710620112	2024-03-16 21:15:12	399a	4.763
1710620112	2024-03-16 21:15:12	a304	3.095
1710620112	2024-03-16 21:15:12	1fa0	3.109
1710620112	2024-03-16 21:15:12	c492	3.334
1710620113	2024-03-16 21:15:13	399a	5.128
1710620113	2024-03-16 21:15:13	a304	3.17
1710620113	2024-03-16 21:15:13	1fa0	3.1
1710620113	2024-03-16 21:15:13	c492	3.32
1710620113	2024-03-16 21:15:13	399a	5.84
1710620113	2024-03-16 21:15:13	c492	3.315
1710620113	2024-03-16 21:15:13	a304	3.283
1710620113	2024-03-16 21:15:13	1fa0	3.184
1710620113	2024-03-16 21:15:13	a304	3.75
1710620113	2024-03-16 21:15:13	399a	6.117
1710620113	2024-03-16 21:15:13	1fa0	2.973
1710620113	2024-03-16 21:15:13	c492	3.33
1710620114	2024-03-16 21:15:14	399a	5.227
1710620114	2024-03-16 21:15:14	a304	3.896
1710620114	2024-03-16 21:15:14	1fa0	2.931
1710620114	2024-03-16 21:15:14	c492	3.33
1710620114	2024-03-16 21:15:14	399a	5.498
1710620114	2024-03-16 21:15:14	a304	3.109
1710620114	2024-03-16 21:15:14	1fa0	3.259
1710620114	2024-03-16 21:15:14	c492	3.301
1710620115	2024-03-16 21:15:15	399a	6.937
1710620115	2024-03-16 21:15:15	1fa0	3.33
1710620115	2024-03-16 21:15:15	c492	3.306
1710620115	2024-03-16 21:15:15	399a	6.149
1710620115	2024-03-16 21:15:15	1fa0	3.015
1710620115	2024-03-16 21:15:15	c492	3.311
1710620116	2024-03-16 21:15:16	399a	5.231
1710620116	2024-03-16 21:15:16	1fa0	2.912
1710620116	2024-03-16 21:15:16	c492	3.315
1710620116	2024-03-16 21:15:16	399a	5.54
1710620116	2024-03-16 21:15:16	1fa0	2.978
1710620116	2024-03-16 21:15:16	c492	3.297
1710620116	2024-03-16 21:15:16	399a	7.274
1710620116	2024-03-16 21:15:16	1fa0	3.006
1710620116	2024-03-16 21:15:16	c492	3.292
1710620121	2024-03-16 21:15:21	399a	6.993
1710620121	2024-03-16 21:15:21	c492	3.592
1710620121	2024-03-16 21:15:21	a304	2.842
1710620121	2024-03-16 21:15:21	1fa0	2.458
1710620121	2024-03-16 21:15:21	399a	7.218
1710620121	2024-03-16 21:15:21	1fa0	2.43
1710620121	2024-03-16 21:15:21	c492	3.484
1710620121	2024-03-16 21:15:21	a304	2.632
1710620121	2024-03-16 21:15:21	399a	7.433
1710620121	2024-03-16 21:15:21	1fa0	2.772
1710620121	2024-03-16 21:15:21	c492	3.774
1710620121	2024-03-16 21:15:21	a304	2.669
1710620122	2024-03-16 21:15:22	c492	3.75
1710620122	2024-03-16 21:15:22	a304	2.922
1710620122	2024-03-16 21:15:22	1fa0	2.154
1710620123	2024-03-16 21:15:23	c492	4.013
1710620123	2024-03-16 21:15:23	1fa0	2.07
1710620124	2024-03-16 21:15:24	399a	7.382
1710620124	2024-03-16 21:15:24	c492	3.896
1710620124	2024-03-16 21:15:24	1fa0	2.243
1710620124	2024-03-16 21:15:24	a304	3.048
1710620124	2024-03-16 21:15:24	1fa0	2.215
1710620124	2024-03-16 21:15:24	c492	3.802
1710620124	2024-03-16 21:15:24	1fa0	2.229
1710620124	2024-03-16 21:15:24	a304	3.067
1710620124	2024-03-16 21:15:24	c492	4.388
1710620125	2024-03-16 21:15:25	c492	4.861
1710620126	2024-03-16 21:15:26	c492	4.744
1710620126	2024-03-16 21:15:26	c492	4.378
1710620126	2024-03-16 21:15:26	1fa0	2.271
1710620126	2024-03-16 21:15:26	a304	3.179
1710620126	2024-03-16 21:15:26	1fa0	2.159
1710620126	2024-03-16 21:15:26	a304	3.123
1710620126	2024-03-16 21:15:26	1fa0	2.243
1710620126	2024-03-16 21:15:26	a304	3.189
1710620127	2024-03-16 21:15:27	1fa0	2.154
1710620127	2024-03-16 21:15:27	a304	3.161
1710620127	2024-03-16 21:15:27	1fa0	2.178
1710620127	2024-03-16 21:15:27	a304	3.118
1710620127	2024-03-16 21:15:27	c492	4.889
1710620128	2024-03-16 21:15:28	1fa0	2.154
1710620128	2024-03-16 21:15:28	a304	3.095
1710620128	2024-03-16 21:15:28	c492	4.055
1710620128	2024-03-16 21:15:28	a304	3.062
1710620131	2024-03-16 21:15:31	1fa0	2.215
1710620131	2024-03-16 21:15:31	1fa0	2.178
1710620136	2024-03-16 21:15:36	1fa0	1.541
1710620136	2024-03-16 21:15:36	a304	3.657
1710620136	2024-03-16 21:15:36	eb38	4.543
1710620139	2024-03-16 21:15:39	a304	2.472
1710620140	2024-03-16 21:15:40	a304	2.669
1710620140	2024-03-16 21:15:40	399a	8.581
1710620140	2024-03-16 21:15:40	a304	2.66
1710620140	2024-03-16 21:15:40	1fa0	1.775
1710620141	2024-03-16 21:15:41	a304	2.623
1710620141	2024-03-16 21:15:41	399a	8.605
1710620141	2024-03-16 21:15:41	1fa0	1.69
1710620141	2024-03-16 21:15:41	c492	4.589
1710620142	2024-03-16 21:15:42	a304	2.669
1710620142	2024-03-16 21:15:42	1fa0	1.415
1710620142	2024-03-16 21:15:42	c492	4.543
1710620142	2024-03-16 21:15:42	399a	7.133
1710620142	2024-03-16 21:15:42	399a	8.652
1710620142	2024-03-16 21:15:42	1fa0	1.401
1710620142	2024-03-16 21:15:42	a304	2.646
1710620142	2024-03-16 21:15:42	c492	4.627
1710620142	2024-03-16 21:15:42	a304	2.702
1710620142	2024-03-16 21:15:42	399a	8.605
1710620142	2024-03-16 21:15:42	1fa0	1.382
1710620142	2024-03-16 21:15:42	c492	4.613
1710620143	2024-03-16 21:15:43	1fa0	1.527
1710620143	2024-03-16 21:15:43	a304	3.161
1710620143	2024-03-16 21:15:43	c492	4.599
1710620143	2024-03-16 21:15:43	399a	8.694
1710620143	2024-03-16 21:15:43	399a	8.591
1710620143	2024-03-16 21:15:43	1fa0	1.452
1710620143	2024-03-16 21:15:43	c492	4.594
1710620143	2024-03-16 21:15:43	a304	2.664
1710620144	2024-03-16 21:15:44	399a	8.6
1710620144	2024-03-16 21:15:44	a304	2.674
1710620144	2024-03-16 21:15:44	1fa0	1.415
1710620144	2024-03-16 21:15:44	c492	4.58
1710620144	2024-03-16 21:15:44	399a	8.586
1710620144	2024-03-16 21:15:44	a304	2.651
1710620145	2024-03-16 21:15:45	1fa0	1.438
1710620145	2024-03-16 21:15:45	c492	4.613
1710620146	2024-03-16 21:15:46	399a	8.164
1710620146	2024-03-16 21:15:46	c492	4.51
1710620146	2024-03-16 21:15:46	1fa0	1.452
1710620151	2024-03-16 21:15:51	399a	8.623
1710620151	2024-03-16 21:15:51	1fa0	1.429
1710620151	2024-03-16 21:15:51	a304	2.665
1710620151	2024-03-16 21:15:51	c492	4.505
1710620157	2024-03-16 21:15:57	a304	2.716
1710620157	2024-03-16 21:15:57	1fa0	1.48
1710620157	2024-03-16 21:15:57	c492	4.585
1710620157	2024-03-16 21:15:57	399a	8.689
1710620157	2024-03-16 21:15:57	399a	8.684
1710620157	2024-03-16 21:15:57	c492	4.608
1710620157	2024-03-16 21:15:57	1fa0	1.42
1710620157	2024-03-16 21:15:57	a304	2.73
1710620157	2024-03-16 21:15:57	a304	2.618
1710620157	2024-03-16 21:15:57	399a	8.525
1710620157	2024-03-16 21:15:57	c492	4.679
1710620157	2024-03-16 21:15:57	1fa0	1.396
1710620158	2024-03-16 21:15:58	399a	8.516
1710620158	2024-03-16 21:15:58	a304	2.623
1710620158	2024-03-16 21:15:58	1fa0	1.368
1710620158	2024-03-16 21:15:58	c492	4.669
1710620159	2024-03-16 21:15:59	399a	8.642
1710620159	2024-03-16 21:15:59	a304	2.627
1710620159	2024-03-16 21:15:59	1fa0	1.34
1710620159	2024-03-16 21:15:59	c492	4.697
1710620159	2024-03-16 21:15:59	399a	8.562
1710620159	2024-03-16 21:15:59	a304	2.641
1710620159	2024-03-16 21:15:59	c492	4.66
1710620159	2024-03-16 21:15:59	1fa0	1.387
1710620160	2024-03-16 21:16:00	399a	8.534
1710620160	2024-03-16 21:16:00	c492	4.65
1710620160	2024-03-16 21:16:00	1fa0	1.396
1710620160	2024-03-16 21:16:00	a304	2.613
1710620160	2024-03-16 21:16:00	399a	8.572
1710620160	2024-03-16 21:16:00	c492	4.632
1710620160	2024-03-16 21:16:00	a304	2.618
1710620160	2024-03-16 21:16:00	1fa0	1.42
1710620160	2024-03-16 21:16:00	399a	8.558
1710620160	2024-03-16 21:16:00	a304	2.585
1710620160	2024-03-16 21:16:00	1fa0	1.452
1710620160	2024-03-16 21:16:00	c492	4.627
1710620161	2024-03-16 21:16:01	399a	8.623
1710620161	2024-03-16 21:16:01	1fa0	1.448
1710620161	2024-03-16 21:16:01	a304	2.651
1710620161	2024-03-16 21:16:01	c492	4.674
1710620161	2024-03-16 21:16:01	a304	2.613
1710620161	2024-03-16 21:16:01	1fa0	1.415
1710620161	2024-03-16 21:16:01	399a	8.586
1710620161	2024-03-16 21:16:01	c492	4.664
1710620161	2024-03-16 21:16:01	a304	2.664
1710620161	2024-03-16 21:16:01	1fa0	1.41
1710620161	2024-03-16 21:16:01	399a	8.581
1710620161	2024-03-16 21:16:01	c492	4.674
1710620162	2024-03-16 21:16:02	a304	2.66
1710620162	2024-03-16 21:16:02	399a	8.623
1710620162	2024-03-16 21:16:02	1fa0	1.415
1710620162	2024-03-16 21:16:02	c492	4.655
1710620162	2024-03-16 21:16:02	399a	8.553
1710620162	2024-03-16 21:16:02	a304	2.594
1710620162	2024-03-16 21:16:02	1fa0	1.438
1710620162	2024-03-16 21:16:02	c492	4.636
1710620163	2024-03-16 21:16:03	a304	2.487
1710620163	2024-03-16 21:16:03	c492	4.693
1710620163	2024-03-16 21:16:03	1fa0	1.33
1710620163	2024-03-16 21:16:03	a304	2.398
1710620164	2024-03-16 21:16:04	c492	4.669
1710620164	2024-03-16 21:16:04	1fa0	1.316
1710620164	2024-03-16 21:16:04	a304	2.426
1710620164	2024-03-16 21:16:04	c492	4.688
1710620164	2024-03-16 21:16:04	a304	2.421
1710620164	2024-03-16 21:16:04	1fa0	1.363
1710620165	2024-03-16 21:16:05	1fa0	1.34
1710620165	2024-03-16 21:16:05	c492	4.683
1710620165	2024-03-16 21:16:05	a304	2.398
1710620166	2024-03-16 21:16:06	a304	2.426
1710620166	2024-03-16 21:16:06	1fa0	1.312
1710620166	2024-03-16 21:16:06	c492	4.74
1710620166	2024-03-16 21:16:06	1fa0	1.359
1710620166	2024-03-16 21:16:06	a304	2.412
1710620166	2024-03-16 21:16:06	c492	4.627
1710620166	2024-03-16 21:16:06	1fa0	1.316
1710620166	2024-03-16 21:16:06	c492	4.664
1710620166	2024-03-16 21:16:06	a304	2.58
1710620167	2024-03-16 21:16:07	399a	8.351
1710620167	2024-03-16 21:16:07	1fa0	1.321
1710620167	2024-03-16 21:16:07	a304	2.515
1710620167	2024-03-16 21:16:07	c492	4.819
1710620168	2024-03-16 21:16:08	c492	4.903
1710620168	2024-03-16 21:16:08	1fa0	1.335
1710620168	2024-03-16 21:16:08	a304	2.529
1710620168	2024-03-16 21:16:08	c492	4.669
1710620168	2024-03-16 21:16:08	a304	2.491
1710620168	2024-03-16 21:16:08	1fa0	1.359
1710620168	2024-03-16 21:16:08	399a	8.319
1710620168	2024-03-16 21:16:08	a304	2.501
1710620168	2024-03-16 21:16:08	c492	4.646
1710620168	2024-03-16 21:16:08	1fa0	1.354
1710620169	2024-03-16 21:16:09	1fa0	1.34
1710620169	2024-03-16 21:16:09	a304	2.491
1710620169	2024-03-16 21:16:09	c492	4.655
1710620169	2024-03-16 21:16:09	399a	8.384
1710620169	2024-03-16 21:16:09	a304	2.463
1710620169	2024-03-16 21:16:09	1fa0	1.368
1710620169	2024-03-16 21:16:09	c492	4.744
1710620170	2024-03-16 21:16:10	a304	2.505
1710620170	2024-03-16 21:16:10	1fa0	1.288
1710620170	2024-03-16 21:16:10	c492	4.683
1710620170	2024-03-16 21:16:10	399a	8.179
1710620170	2024-03-16 21:16:10	a304	2.618
1710620170	2024-03-16 21:16:10	1fa0	1.27
1710620170	2024-03-16 21:16:10	c492	4.679
1710620171	2024-03-16 21:16:11	399a	8.694
1710620171	2024-03-16 21:16:11	1fa0	1.326
1710620171	2024-03-16 21:16:11	c492	4.599
1710620171	2024-03-16 21:16:11	a304	2.889
1710620171	2024-03-16 21:16:11	399a	8.642
1710620171	2024-03-16 21:16:11	1fa0	1.452
1710620171	2024-03-16 21:16:11	c492	4.589
1710620171	2024-03-16 21:16:11	a304	2.73
1710620173	2024-03-16 21:16:13	a304	2.72
1710620173	2024-03-16 21:16:13	c492	4.589
1710620173	2024-03-16 21:16:13	1fa0	1.438
1710620173	2024-03-16 21:16:13	399a	8.609
1710620173	2024-03-16 21:16:13	a304	2.688
1710620173	2024-03-16 21:16:13	1fa0	1.452
1710620173	2024-03-16 21:16:13	c492	4.608
1710620174	2024-03-16 21:16:14	a304	2.669
1710620174	2024-03-16 21:16:14	399a	8.6
1710620174	2024-03-16 21:16:14	1fa0	1.452
1710620174	2024-03-16 21:16:14	a304	2.669
1710620174	2024-03-16 21:16:14	c492	4.618
1710620175	2024-03-16 21:16:15	399a	8.656
1710620175	2024-03-16 21:16:15	c492	4.641
1710620175	2024-03-16 21:16:15	1fa0	1.452
1710620175	2024-03-16 21:16:15	a304	2.702
1710620175	2024-03-16 21:16:15	399a	8.577
1710620175	2024-03-16 21:16:15	1fa0	1.471
1710620175	2024-03-16 21:16:15	c492	4.585
1710620176	2024-03-16 21:16:16	399a	8.638
1710620176	2024-03-16 21:16:16	c492	4.543
1710620176	2024-03-16 21:16:16	1fa0	1.471
1710620176	2024-03-16 21:16:16	399a	8.638
1710620176	2024-03-16 21:16:16	a304	2.683
1710620176	2024-03-16 21:16:16	1fa0	1.452
1710620176	2024-03-16 21:16:16	c492	4.594
1710620177	2024-03-16 21:16:17	399a	8.16
1710620177	2024-03-16 21:16:17	1fa0	1.471
1710620177	2024-03-16 21:16:17	c492	4.599
1710620177	2024-03-16 21:16:17	a304	2.702
1710620177	2024-03-16 21:16:17	399a	8.605
1710620177	2024-03-16 21:16:17	c492	4.636
1710620177	2024-03-16 21:16:17	a304	2.674
1710620177	2024-03-16 21:16:17	1fa0	1.461
1710620179	2024-03-16 21:16:19	a304	2.744
1710620179	2024-03-16 21:16:19	399a	8.609
1710620179	2024-03-16 21:16:19	c492	4.65
1710620179	2024-03-16 21:16:19	1fa0	1.448
1710620179	2024-03-16 21:16:19	399a	8.534
1710620179	2024-03-16 21:16:19	a304	2.641
1710620179	2024-03-16 21:16:19	1fa0	1.48
1710620179	2024-03-16 21:16:19	c492	4.622
