315578450	1980-01-01 13:40:50	8171	5.672
315578450	1980-01-01 13:40:50	2eff	7.143
315578450	1980-01-01 13:40:50	eb38	2.449
315578450	1980-01-01 13:40:50	8171	5.587
315578450	1980-01-01 13:40:50	2eff	6.651
315578450	1980-01-01 13:40:50	a304	8.938
315578450	1980-01-01 13:40:50	eb38	2.426
315578450	1980-01-01 13:40:50	8171	5.634
315578450	1980-01-01 13:40:50	2eff	6.552
315578450	1980-01-01 13:40:50	eb38	2.389
315578450	1980-01-01 13:40:50	8171	5.952
315578450	1980-01-01 13:40:50	2eff	6.393
315578450	1980-01-01 13:40:50	a304	9.078
315578450	1980-01-01 13:40:50	eb38	1.92
315578451	1980-01-01 13:40:51	8171	5.845
315578451	1980-01-01 13:40:51	2eff	6.262
315578451	1980-01-01 13:40:51	a304	9.247
315578451	1980-01-01 13:40:51	eb38	2.013
315578451	1980-01-01 13:40:51	8171	5.78
315578451	1980-01-01 13:40:51	2eff	6.402
315578451	1980-01-01 13:40:51	6aca	9.917
315578451	1980-01-01 13:40:51	eb38	1.995
315578452	1980-01-01 13:40:52	8171	5.78
315578452	1980-01-01 13:40:52	2eff	6.426
315578452	1980-01-01 13:40:52	6aca	10.939
315578452	1980-01-01 13:40:52	eb38	2.004
315578452	1980-01-01 13:40:52	8171	5.859
315578452	1980-01-01 13:40:52	2eff	6.426
315578452	1980-01-01 13:40:52	eb38	1.99
315578453	1980-01-01 13:40:53	8171	5.901
315578453	1980-01-01 13:40:53	2eff	6.22
315578453	1980-01-01 13:40:53	eb38	1.952
315578453	1980-01-01 13:40:53	8171	5.99
315578453	1980-01-01 13:40:53	2eff	6.318
315578453	1980-01-01 13:40:53	eb38	1.995
315578454	1980-01-01 13:40:54	8171	6.149
315578454	1980-01-01 13:40:54	2eff	6.383
315578454	1980-01-01 13:40:54	eb38	1.92
315578455	1980-01-01 13:40:55	8171	6.805
315578455	1980-01-01 13:40:55	2eff	6.43
315578455	1980-01-01 13:40:55	a304	9.036
315578455	1980-01-01 13:40:55	eb38	1.934
315578455	1980-01-01 13:40:55	8171	5.971
315578455	1980-01-01 13:40:55	2eff	6.388
315578455	1980-01-01 13:40:55	eb38	1.948
315578456	1980-01-01 13:40:56	8171	6.669
315578456	1980-01-01 13:40:56	2eff	6.416
315578456	1980-01-01 13:40:56	eb38	2.042
315578456	1980-01-01 13:40:56	8171	5.826
315578456	1980-01-01 13:40:56	2eff	6.402
315578456	1980-01-01 13:40:56	eb38	2.196
315578456	1980-01-01 13:40:56	2eff	6.463
315578456	1980-01-01 13:40:56	1fa0	7.415
315578456	1980-01-01 13:40:56	a304	9.34
315578456	1980-01-01 13:40:56	eb38	1.938
315578457	1980-01-01 13:40:57	8171	5.976
315578457	1980-01-01 13:40:57	eb38	1.817
315578457	1980-01-01 13:40:57	2eff	6.557
315578458	1980-01-01 13:40:58	8171	6.013
315578458	1980-01-01 13:40:58	eb38	1.789
315578458	1980-01-01 13:40:58	8171	6.159
315578458	1980-01-01 13:40:58	2eff	6.323
315578458	1980-01-01 13:40:58	eb38	1.765
315578459	1980-01-01 13:40:59	6aca	10.48
315578459	1980-01-01 13:40:59	6aca	10.372
315578459	1980-01-01 13:40:59	8171	6.084
315578459	1980-01-01 13:40:59	6aca	10.405
315578459	1980-01-01 13:40:59	2eff	6.477
315578459	1980-01-01 13:40:59	eb38	1.873
315578459	1980-01-01 13:40:59	8171	5.559
315578459	1980-01-01 13:40:59	2eff	6.397
315578459	1980-01-01 13:40:59	eb38	2.239
315578459	1980-01-01 13:40:59	8171	5.231
315578459	1980-01-01 13:40:59	2eff	6.744
315578459	1980-01-01 13:40:59	a304	8.802
315578459	1980-01-01 13:40:59	eb38	3.409
315578460	1980-01-01 13:41:00	8171	5.227
315578460	1980-01-01 13:41:00	2eff	6.829
315578460	1980-01-01 13:41:00	a304	8.886
315578461	1980-01-01 13:41:01	8171	5.255
315578461	1980-01-01 13:41:01	2eff	6.782
315578461	1980-01-01 13:41:01	a304	8.961
315578461	1980-01-01 13:41:01	8171	5.288
315578461	1980-01-01 13:41:01	2eff	7.054
315578461	1980-01-01 13:41:01	eb38	2.477
315578461	1980-01-01 13:41:01	a304	9.073
315578462	1980-01-01 13:41:02	8171	5.283
315578462	1980-01-01 13:41:02	a304	8.919
315578462	1980-01-01 13:41:02	2eff	6.876
315578462	1980-01-01 13:41:02	eb38	2.472
315578462	1980-01-01 13:41:02	8171	5.283
315578462	1980-01-01 13:41:02	2eff	6.909
315578462	1980-01-01 13:41:02	eb38	2.454
315578462	1980-01-01 13:41:02	a304	8.933
315578463	1980-01-01 13:41:03	8171	5.33
315578463	1980-01-01 13:41:03	2eff	6.801
315578463	1980-01-01 13:41:03	eb38	2.426
315578463	1980-01-01 13:41:03	a304	8.999
315578463	1980-01-01 13:41:03	8171	5.297
315578463	1980-01-01 13:41:03	2eff	6.735
315578463	1980-01-01 13:41:03	a304	8.961
315578463	1980-01-01 13:41:03	eb38	2.365
315578464	1980-01-01 13:41:04	8171	5.302
315578464	1980-01-01 13:41:04	2eff	6.702
315578464	1980-01-01 13:41:04	a304	8.933
315578464	1980-01-01 13:41:04	eb38	2.44
315578464	1980-01-01 13:41:04	8171	5.742
315578464	1980-01-01 13:41:04	2eff	6.59
315578464	1980-01-01 13:41:04	a304	8.83
315578464	1980-01-01 13:41:04	eb38	2.515
315578464	1980-01-01 13:41:04	8171	5.32
315578464	1980-01-01 13:41:04	2eff	6.651
315578464	1980-01-01 13:41:04	a304	8.811
315578464	1980-01-01 13:41:04	eb38	2.655
315578466	1980-01-01 13:41:06	a304	8.703
315578466	1980-01-01 13:41:06	1fa0	7.119
315578466	1980-01-01 13:41:06	eb38	2.623
315578466	1980-01-01 13:41:06	a304	8.727
315578466	1980-01-01 13:41:06	1fa0	7.138
315578466	1980-01-01 13:41:06	eb38	2.566
315578466	1980-01-01 13:41:06	1fa0	7.138
315578466	1980-01-01 13:41:06	eb38	2.608
315578466	1980-01-01 13:41:06	a304	8.717
315578467	1980-01-01 13:41:07	8171	5.166
315578467	1980-01-01 13:41:07	2eff	7.026
315578467	1980-01-01 13:41:07	a304	9.008
315578467	1980-01-01 13:41:07	eb38	3.043
315578467	1980-01-01 13:41:07	8171	5.217
315578467	1980-01-01 13:41:07	eb38	2.72
315578467	1980-01-01 13:41:07	2eff	6.97
315578467	1980-01-01 13:41:07	a304	9.027
315578468	1980-01-01 13:41:08	8171	5.255
315578468	1980-01-01 13:41:08	2eff	6.937
315578468	1980-01-01 13:41:08	a304	9.003
315578468	1980-01-01 13:41:08	eb38	2.613
315578468	1980-01-01 13:41:08	8171	5.288
315578468	1980-01-01 13:41:08	2eff	6.97
315578468	1980-01-01 13:41:08	eb38	2.968
315578469	1980-01-01 13:41:09	8171	6.913
315578469	1980-01-01 13:41:09	eb38	2.576
315578469	1980-01-01 13:41:09	2eff	6.627
315578469	1980-01-01 13:41:09	6aca	11.065
315578469	1980-01-01 13:41:09	8171	5.719
315578469	1980-01-01 13:41:09	2eff	6.641
315578469	1980-01-01 13:41:09	a304	8.802
315578469	1980-01-01 13:41:09	eb38	2.604
315578469	1980-01-01 13:41:09	a304	8.759
315578469	1980-01-01 13:41:09	2eff	6.641
315578469	1980-01-01 13:41:09	1fa0	7.157
315578469	1980-01-01 13:41:09	eb38	2.618
315578470	1980-01-01 13:41:10	8171	5.573
315578470	1980-01-01 13:41:10	a304	8.783
315578470	1980-01-01 13:41:10	2eff	6.604
315578470	1980-01-01 13:41:10	eb38	2.58
315578471	1980-01-01 13:41:11	8171	6.027
315578471	1980-01-01 13:41:11	a304	8.816
315578471	1980-01-01 13:41:11	2eff	6.646
315578471	1980-01-01 13:41:11	eb38	2.562
315578471	1980-01-01 13:41:11	8171	5.498
315578471	1980-01-01 13:41:11	2eff	6.599
315578471	1980-01-01 13:41:11	a304	8.708
315578471	1980-01-01 13:41:11	eb38	2.664
315578472	1980-01-01 13:41:12	8171	5.184
315578472	1980-01-01 13:41:12	2eff	6.97
315578472	1980-01-01 13:41:12	eb38	2.463
315578472	1980-01-01 13:41:12	8171	5.166
315578472	1980-01-01 13:41:12	eb38	2.477
315578472	1980-01-01 13:41:12	2eff	6.993
315578472	1980-01-01 13:41:12	a304	9.036
315578477	1980-01-01 13:41:17	8171	5.625
315578477	1980-01-01 13:41:17	2eff	6.651
315578477	1980-01-01 13:41:17	6aca	9.472
315578477	1980-01-01 13:41:17	eb38	2.557
315578477	1980-01-01 13:41:17	2eff	6.571
315578477	1980-01-01 13:41:17	eb38	2.908
315578478	1980-01-01 13:41:18	8171	5.245
315578478	1980-01-01 13:41:18	a304	8.994
315578478	1980-01-01 13:41:18	eb38	2.875
315578480	1980-01-01 13:41:20	8171	5.934
315578480	1980-01-01 13:41:20	6aca	10.563
315578480	1980-01-01 13:41:20	2eff	6.684
315578480	1980-01-01 13:41:20	eb38	2.552
315578480	1980-01-01 13:41:20	8171	5.395
315578480	1980-01-01 13:41:20	2eff	6.655
315578480	1980-01-01 13:41:20	eb38	2.557
315578480	1980-01-01 13:41:20	8171	5.423
315578480	1980-01-01 13:41:20	6aca	10.821
315578480	1980-01-01 13:41:20	2eff	6.712
315578480	1980-01-01 13:41:20	eb38	2.59
315578480	1980-01-01 13:41:20	2eff	6.679
315578480	1980-01-01 13:41:20	eb38	3.095
315578480	1980-01-01 13:41:20	8171	5.227
315578480	1980-01-01 13:41:20	eb38	2.407
315578481	1980-01-01 13:41:21	8171	5.128
315578481	1980-01-01 13:41:21	a304	9.153
315578481	1980-01-01 13:41:21	eb38	2.487
315578482	1980-01-01 13:41:22	8171	5.213
315578482	1980-01-01 13:41:22	2eff	7.147
315578482	1980-01-01 13:41:22	a304	9.172
315578482	1980-01-01 13:41:22	eb38	2.51
315578482	1980-01-01 13:41:22	8171	5.213
315578482	1980-01-01 13:41:22	2eff	6.679
315578482	1980-01-01 13:41:22	eb38	2.444
315578482	1980-01-01 13:41:22	8171	5.264
315578482	1980-01-01 13:41:22	eb38	2.389
315578482	1980-01-01 13:41:22	8171	5.245
315578482	1980-01-01 13:41:22	6aca	11.44
315578482	1980-01-01 13:41:22	eb38	2.449
315578483	1980-01-01 13:41:23	8171	5.292
315578483	1980-01-01 13:41:23	2eff	6.548
315578483	1980-01-01 13:41:23	eb38	2.739
315578483	1980-01-01 13:41:23	a304	9.186
315578483	1980-01-01 13:41:23	8171	5.292
315578483	1980-01-01 13:41:23	a304	9.181
315578483	1980-01-01 13:41:23	2eff	6.848
315578483	1980-01-01 13:41:23	eb38	2.468
315578484	1980-01-01 13:41:24	8171	5.437
315578484	1980-01-01 13:41:24	2eff	6.82
315578484	1980-01-01 13:41:24	eb38	2.59
315578484	1980-01-01 13:41:24	a304	8.975
315578484	1980-01-01 13:41:24	2eff	6.763
315578484	1980-01-01 13:41:24	a304	9.308
315578484	1980-01-01 13:41:24	eb38	2.543
315578485	1980-01-01 13:41:25	8171	5.404
315578485	1980-01-01 13:41:25	2eff	6.744
315578485	1980-01-01 13:41:25	a304	9.284
315578485	1980-01-01 13:41:25	eb38	2.519
315578485	1980-01-01 13:41:25	8171	5.371
315578485	1980-01-01 13:41:25	2eff	6.684
315578485	1980-01-01 13:41:25	a304	9.28
315578485	1980-01-01 13:41:25	eb38	2.529
315578485	1980-01-01 13:41:25	8171	5.353
315578485	1980-01-01 13:41:25	2eff	6.684
315578485	1980-01-01 13:41:25	a304	9.083
315578485	1980-01-01 13:41:25	eb38	2.711
315578486	1980-01-01 13:41:26	8171	5.231
315578486	1980-01-01 13:41:26	eb38	2.781
315578486	1980-01-01 13:41:26	2eff	6.791
315578487	1980-01-01 13:41:27	8171	5.349
315578487	1980-01-01 13:41:27	2eff	6.777
315578487	1980-01-01 13:41:27	eb38	2.749
315578487	1980-01-01 13:41:27	8171	5.479
315578487	1980-01-01 13:41:27	2eff	6.665
315578487	1980-01-01 13:41:27	eb38	2.566
315578488	1980-01-01 13:41:28	8171	5.353
315578488	1980-01-01 13:41:28	a304	9.115
315578488	1980-01-01 13:41:28	eb38	2.767
315578488	1980-01-01 13:41:28	2eff	6.66
315578488	1980-01-01 13:41:28	8171	5.386
315578488	1980-01-01 13:41:28	eb38	2.777
315578488	1980-01-01 13:41:28	a304	9.115
315578488	1980-01-01 13:41:28	2eff	6.707
315578490	1980-01-01 13:41:30	a304	9.046
315578490	1980-01-01 13:41:30	eb38	2.795
315578490	1980-01-01 13:41:30	8171	5.349
315578490	1980-01-01 13:41:30	2eff	6.923
315578491	1980-01-01 13:41:31	8171	5.349
315578491	1980-01-01 13:41:31	2eff	6.81
315578491	1980-01-01 13:41:31	6aca	11.014
315578491	1980-01-01 13:41:31	eb38	2.767
315578491	1980-01-01 13:41:31	8171	5.302
315578491	1980-01-01 13:41:31	2eff	6.777
315578491	1980-01-01 13:41:31	eb38	2.805
315578491	1980-01-01 13:41:31	a304	8.811
315578492	1980-01-01 13:41:32	a304	8.68
315578492	1980-01-01 13:41:32	8171	5.376
315578492	1980-01-01 13:41:32	2eff	6.716
315578492	1980-01-01 13:41:32	a304	8.792
315578492	1980-01-01 13:41:32	eb38	2.665
315578493	1980-01-01 13:41:33	8171	6.763
315578493	1980-01-01 13:41:33	2eff	6.646
315578493	1980-01-01 13:41:33	a304	9.013
315578493	1980-01-01 13:41:33	eb38	2.365
315578493	1980-01-01 13:41:33	8171	5.274
315578493	1980-01-01 13:41:33	a304	9.041
315578493	1980-01-01 13:41:33	eb38	3.236
315578494	1980-01-01 13:41:34	2eff	6.627
315578494	1980-01-01 13:41:34	6aca	10.859
315578494	1980-01-01 13:41:34	1fa0	7.293
315578494	1980-01-01 13:41:34	eb38	2.992
315578494	1980-01-01 13:41:34	2eff	6.684
315578494	1980-01-01 13:41:34	6aca	10.793
315578494	1980-01-01 13:41:34	1fa0	7.218
315578494	1980-01-01 13:41:34	eb38	2.917
315578495	1980-01-01 13:41:35	8171	5.559
315578495	1980-01-01 13:41:35	2eff	6.937
315578495	1980-01-01 13:41:35	6aca	10.798
315578495	1980-01-01 13:41:35	eb38	2.463
315578496	1980-01-01 13:41:36	8171	5.526
315578496	1980-01-01 13:41:36	2eff	6.712
315578496	1980-01-01 13:41:36	a304	9.195
315578496	1980-01-01 13:41:36	eb38	2.449
315578496	1980-01-01 13:41:36	2eff	6.726
315578496	1980-01-01 13:41:36	1fa0	7.119
315578496	1980-01-01 13:41:36	eb38	2.426
315578497	1980-01-01 13:41:37	8171	5.981
315578497	1980-01-01 13:41:37	2eff	6.749
315578497	1980-01-01 13:41:37	6aca	10.943
315578497	1980-01-01 13:41:37	eb38	2.491
315578497	1980-01-01 13:41:37	8171	5.896
315578497	1980-01-01 13:41:37	a304	9.2
315578497	1980-01-01 13:41:37	2eff	6.749
315578497	1980-01-01 13:41:37	eb38	2.444
315578498	1980-01-01 13:41:38	8171	5.507
315578498	1980-01-01 13:41:38	2eff	6.679
315578498	1980-01-01 13:41:38	a304	9.078
315578498	1980-01-01 13:41:38	eb38	2.458
315578498	1980-01-01 13:41:38	8171	5.274
315578498	1980-01-01 13:41:38	2eff	6.684
315578498	1980-01-01 13:41:38	a304	8.98
315578498	1980-01-01 13:41:38	eb38	2.618
315578500	1980-01-01 13:41:40	8171	5.428
315578500	1980-01-01 13:41:40	2eff	6.74
315578500	1980-01-01 13:41:40	a304	8.971
315578500	1980-01-01 13:41:40	eb38	2.543
315578501	1980-01-01 13:41:41	8171	5.498
315578501	1980-01-01 13:41:41	a304	8.938
315578501	1980-01-01 13:41:41	2eff	6.754
315578501	1980-01-01 13:41:41	eb38	2.412
315578502	1980-01-01 13:41:42	8171	5.475
315578502	1980-01-01 13:41:42	2eff	6.679
315578502	1980-01-01 13:41:42	eb38	2.421
315578502	1980-01-01 13:41:42	8171	5.18
315578502	1980-01-01 13:41:42	2eff	6.651
315578502	1980-01-01 13:41:42	a304	8.586
315578502	1980-01-01 13:41:42	eb38	2.674
315578503	1980-01-01 13:41:43	2eff	6.608
315578503	1980-01-01 13:41:43	6aca	10.901
315578503	1980-01-01 13:41:43	1fa0	6.374
315578503	1980-01-01 13:41:43	eb38	2.758
315578503	1980-01-01 13:41:43	8171	5.147
315578503	1980-01-01 13:41:43	2eff	6.627
315578503	1980-01-01 13:41:43	6aca	10.925
315578503	1980-01-01 13:41:43	eb38	2.871
315578503	1980-01-01 13:41:43	8171	5.142
315578503	1980-01-01 13:41:43	2eff	6.599
315578503	1980-01-01 13:41:43	6aca	10.85
315578503	1980-01-01 13:41:43	eb38	2.758
315578504	1980-01-01 13:41:44	8171	5.161
315578504	1980-01-01 13:41:44	2eff	6.623
315578504	1980-01-01 13:41:44	eb38	3.189
315578504	1980-01-01 13:41:44	a304	8.487
315578504	1980-01-01 13:41:44	8171	5.39
315578504	1980-01-01 13:41:44	eb38	2.458
315578504	1980-01-01 13:41:44	2eff	6.73
315578504	1980-01-01 13:41:44	a304	8.877
315578505	1980-01-01 13:41:45	2eff	6.632
315578505	1980-01-01 13:41:45	a304	8.802
315578505	1980-01-01 13:41:45	eb38	2.426
315578505	1980-01-01 13:41:45	8171	5.437
315578505	1980-01-01 13:41:45	a304	8.816
315578505	1980-01-01 13:41:45	eb38	2.421
315578506	1980-01-01 13:41:46	8171	5.409
315578506	1980-01-01 13:41:46	2eff	6.669
315578506	1980-01-01 13:41:46	a304	8.82
315578506	1980-01-01 13:41:46	eb38	2.454
315578506	1980-01-01 13:41:46	8171	5.4
315578506	1980-01-01 13:41:46	2eff	6.637
315578506	1980-01-01 13:41:46	a304	8.811
315578506	1980-01-01 13:41:46	eb38	2.43
315578507	1980-01-01 13:41:47	8171	5.371
315578507	1980-01-01 13:41:47	2eff	6.637
315578507	1980-01-01 13:41:47	a304	8.722
315578507	1980-01-01 13:41:47	eb38	2.477
315578507	1980-01-01 13:41:47	8171	5.4
315578507	1980-01-01 13:41:47	2eff	6.627
315578507	1980-01-01 13:41:47	eb38	2.444
315578508	1980-01-01 13:41:48	8171	5.522
315578508	1980-01-01 13:41:48	2eff	6.679
315578508	1980-01-01 13:41:48	eb38	2.477
315578508	1980-01-01 13:41:48	8171	5.39
315578508	1980-01-01 13:41:48	2eff	6.66
315578508	1980-01-01 13:41:48	a304	8.727
315578508	1980-01-01 13:41:48	eb38	2.463
315578510	1980-01-01 13:41:50	8171	5.414
315578510	1980-01-01 13:41:50	2eff	6.613
315578510	1980-01-01 13:41:50	a304	8.942
315578510	1980-01-01 13:41:50	eb38	2.458
315578510	1980-01-01 13:41:50	8171	5.311
315578510	1980-01-01 13:41:50	2eff	6.623
315578510	1980-01-01 13:41:50	a304	8.802
315578510	1980-01-01 13:41:50	eb38	2.477
315578510	1980-01-01 13:41:50	8171	5.325
315578510	1980-01-01 13:41:50	2eff	6.571
315578510	1980-01-01 13:41:50	eb38	2.491
315578510	1980-01-01 13:41:50	a304	8.83
315578510	1980-01-01 13:41:50	8171	5.1
315578510	1980-01-01 13:41:50	2eff	6.351
315578510	1980-01-01 13:41:50	eb38	2.95
315578511	1980-01-01 13:41:51	8171	5.292
315578511	1980-01-01 13:41:51	a304	8.412
315578511	1980-01-01 13:41:51	eb38	3.573
315578512	1980-01-01 13:41:52	8171	5.269
315578512	1980-01-01 13:41:52	8171	5.189
315578512	1980-01-01 13:41:52	2eff	6.876
315578512	1980-01-01 13:41:52	eb38	2.903
315578512	1980-01-01 13:41:52	a304	8.249
315578512	1980-01-01 13:41:52	8171	5.25
315578512	1980-01-01 13:41:52	2eff	6.721
315578512	1980-01-01 13:41:52	eb38	3.208
315578513	1980-01-01 13:41:53	8171	5.227
315578513	1980-01-01 13:41:53	2eff	6.791
315578513	1980-01-01 13:41:53	eb38	2.781
315578514	1980-01-01 13:41:54	8171	5.39
315578514	1980-01-01 13:41:54	2eff	6.627
315578514	1980-01-01 13:41:54	8171	5.877
315578514	1980-01-01 13:41:54	2eff	6.637
315578514	1980-01-01 13:41:54	eb38	2.894
315578514	1980-01-01 13:41:54	8171	5.409
315578514	1980-01-01 13:41:54	2eff	6.651
315578514	1980-01-01 13:41:54	a304	8.877
315578514	1980-01-01 13:41:54	eb38	2.361
315578515	1980-01-01 13:41:55	8171	5.517
315578515	1980-01-01 13:41:55	2eff	6.773
315578515	1980-01-01 13:41:55	a304	9.041
315578515	1980-01-01 13:41:55	eb38	2.477
315578516	1980-01-01 13:41:56	8171	5.465
315578516	1980-01-01 13:41:56	2eff	6.759
315578516	1980-01-01 13:41:56	a304	9.115
315578516	1980-01-01 13:41:56	eb38	2.543
315578516	1980-01-01 13:41:56	8171	5.503
315578516	1980-01-01 13:41:56	2eff	6.773
315578516	1980-01-01 13:41:56	eb38	2.519
315578516	1980-01-01 13:41:56	a304	9.125
315578516	1980-01-01 13:41:56	8171	5.437
315578516	1980-01-01 13:41:56	2eff	6.918
315578516	1980-01-01 13:41:56	eb38	2.566
315578516	1980-01-01 13:41:56	a304	9.064
315578517	1980-01-01 13:41:57	8171	5.475
315578517	1980-01-01 13:41:57	2eff	6.782
315578517	1980-01-01 13:41:57	a304	9.04
315578517	1980-01-01 13:41:57	eb38	2.487
315578517	1980-01-01 13:41:57	8171	5.418
315578517	1980-01-01 13:41:57	2eff	6.843
315578517	1980-01-01 13:41:57	a304	8.849
315578517	1980-01-01 13:41:57	eb38	2.491
315578518	1980-01-01 13:41:58	8171	5.461
315578518	1980-01-01 13:41:58	2eff	6.777
315578518	1980-01-01 13:41:58	a304	9.036
315578518	1980-01-01 13:41:58	eb38	2.505
315578518	1980-01-01 13:41:58	8171	5.583
315578518	1980-01-01 13:41:58	2eff	6.239
315578518	1980-01-01 13:41:58	a304	9.064
315578518	1980-01-01 13:41:58	eb38	2.515
315578519	1980-01-01 13:41:59	8171	5.353
315578519	1980-01-01 13:41:59	eb38	2.576
315578519	1980-01-01 13:41:59	8171	4.66
315578519	1980-01-01 13:41:59	2eff	6.838
315578519	1980-01-01 13:41:59	eb38	2.922
315578520	1980-01-01 13:42:00	2eff	7.185
315578520	1980-01-01 13:42:00	eb38	3.306
315578520	1980-01-01 13:42:00	8171	4.383
315578520	1980-01-01 13:42:00	2eff	7.171
315578520	1980-01-01 13:42:00	eb38	3.339
315578521	1980-01-01 13:42:01	8171	4.369
315578521	1980-01-01 13:42:01	2eff	7.222
315578521	1980-01-01 13:42:01	eb38	3.287
315578522	1980-01-01 13:42:02	8171	4.35
315578522	1980-01-01 13:42:02	2eff	7.194
315578522	1980-01-01 13:42:02	eb38	3.348
315578522	1980-01-01 13:42:02	8171	4.36
315578522	1980-01-01 13:42:02	2eff	7.213
315578522	1980-01-01 13:42:02	eb38	3.287
315578522	1980-01-01 13:42:02	8171	4.364
315578522	1980-01-01 13:42:02	2eff	7.391
315578522	1980-01-01 13:42:02	eb38	3.231
315578522	1980-01-01 13:42:02	8171	4.313
315578522	1980-01-01 13:42:02	2eff	7.269
315578522	1980-01-01 13:42:02	eb38	3.376
315578523	1980-01-01 13:42:03	8171	4.336
315578523	1980-01-01 13:42:03	2eff	6.988
315578523	1980-01-01 13:42:03	eb38	3.283
315578524	1980-01-01 13:42:04	8171	4.987
315578524	1980-01-01 13:42:04	2eff	6.988
315578524	1980-01-01 13:42:04	eb38	3.034
315578525	1980-01-01 13:42:05	8171	4.898
315578525	1980-01-01 13:42:05	2eff	6.993
315578525	1980-01-01 13:42:05	eb38	3.043
315578525	1980-01-01 13:42:05	8171	5.119
315578525	1980-01-01 13:42:05	2eff	6.895
315578525	1980-01-01 13:42:05	eb38	3.015
315578525	1980-01-01 13:42:05	8171	5.245
315578525	1980-01-01 13:42:05	2eff	6.801
315578525	1980-01-01 13:42:05	eb38	3.086
315578525	1980-01-01 13:42:05	a304	8.863
315578525	1980-01-01 13:42:05	8171	5.26
315578525	1980-01-01 13:42:05	2eff	6.791
315578525	1980-01-01 13:42:05	eb38	3.1
315578525	1980-01-01 13:42:05	a304	8.816
315578529	1980-01-01 13:42:09	8171	5.479
315578529	1980-01-01 13:42:09	2eff	6.815
315578529	1980-01-01 13:42:09	a304	9.041
315578529	1980-01-01 13:42:09	eb38	2.426
315578529	1980-01-01 13:42:09	8171	5.432
315578529	1980-01-01 13:42:09	2eff	6.82
315578529	1980-01-01 13:42:09	a304	9.032
315578529	1980-01-01 13:42:09	eb38	2.393
315578530	1980-01-01 13:42:10	8171	5.456
315578530	1980-01-01 13:42:10	2eff	6.815
315578530	1980-01-01 13:42:10	eb38	2.449
315578530	1980-01-01 13:42:10	8171	5.386
315578530	1980-01-01 13:42:10	2eff	6.895
315578530	1980-01-01 13:42:10	eb38	2.585
315578530	1980-01-01 13:42:10	2eff	6.904
315578530	1980-01-01 13:42:10	eb38	2.852
315578531	1980-01-01 13:42:11	8171	5.081
315578531	1980-01-01 13:42:11	2eff	7.236
315578531	1980-01-01 13:42:11	eb38	3.09
315578532	1980-01-01 13:42:12	8171	4.894
315578532	1980-01-01 13:42:12	2eff	7.283
315578532	1980-01-01 13:42:12	eb38	2.954
315578532	1980-01-01 13:42:12	8171	5.26
315578532	1980-01-01 13:42:12	eb38	3.194
315578532	1980-01-01 13:42:12	8171	4.866
315578533	1980-01-01 13:42:13	8171	4.852
315578534	1980-01-01 13:42:14	8171	4.341
315578534	1980-01-01 13:42:14	8171	4.322
315578541	1980-01-01 13:42:21	8171	5.4
315578541	1980-01-01 13:42:21	2eff	6.791
315578541	1980-01-01 13:42:21	eb38	3.156
315578544	1980-01-01 13:42:24	8171	5.442
315578544	1980-01-01 13:42:24	2eff	6.82
315578544	1980-01-01 13:42:24	eb38	3.194
315578544	1980-01-01 13:42:24	a304	9.068
315578548	1980-01-01 13:42:28	8171	5.601
315578548	1980-01-01 13:42:28	2eff	6.759
315578548	1980-01-01 13:42:28	a304	8.68
315578548	1980-01-01 13:42:28	eb38	2.491
315578549	1980-01-01 13:42:29	8171	5.395
315578549	1980-01-01 13:42:29	2eff	6.805
315578549	1980-01-01 13:42:29	eb38	2.477
315578550	1980-01-01 13:42:30	8171	4.552
315578550	1980-01-01 13:42:30	eb38	3.062
315578551	1980-01-01 13:42:31	8171	4.571
315578551	1980-01-01 13:42:31	8171	5.306
315578551	1980-01-01 13:42:31	2eff	6.787
315578551	1980-01-01 13:42:31	8171	5.339
315578551	1980-01-01 13:42:31	2eff	6.669
315578551	1980-01-01 13:42:31	a304	8.788
315578551	1980-01-01 13:42:31	eb38	2.421
315578552	1980-01-01 13:42:32	8171	5.245
315578552	1980-01-01 13:42:32	2eff	6.594
315578552	1980-01-01 13:42:32	a304	8.684
315578552	1980-01-01 13:42:32	eb38	2.458
315578553	1980-01-01 13:42:33	8171	5.353
315578553	1980-01-01 13:42:33	2eff	6.599
315578553	1980-01-01 13:42:33	eb38	2.444
315578553	1980-01-01 13:42:33	a304	8.741
315578553	1980-01-01 13:42:33	8171	5.316
315578553	1980-01-01 13:42:33	2eff	6.707
315578553	1980-01-01 13:42:33	a304	8.745
315578553	1980-01-01 13:42:33	eb38	2.421
315578553	1980-01-01 13:42:33	8171	5.316
315578553	1980-01-01 13:42:33	2eff	6.618
315578553	1980-01-01 13:42:33	eb38	2.449
315578553	1980-01-01 13:42:33	a304	8.942
315578554	1980-01-01 13:42:34	8171	5.358
315578554	1980-01-01 13:42:34	2eff	6.651
315578554	1980-01-01 13:42:34	a304	8.867
315578554	1980-01-01 13:42:34	eb38	2.454
315578554	1980-01-01 13:42:34	8171	5.344
315578554	1980-01-01 13:42:34	2eff	6.721
315578554	1980-01-01 13:42:34	a304	8.975
315578554	1980-01-01 13:42:34	eb38	2.426
315578555	1980-01-01 13:42:35	8171	5.264
315578555	1980-01-01 13:42:35	2eff	6.543
315578555	1980-01-01 13:42:35	a304	8.741
315578555	1980-01-01 13:42:35	eb38	2.871
315578555	1980-01-01 13:42:35	8171	5.339
315578555	1980-01-01 13:42:35	2eff	6.318
315578555	1980-01-01 13:42:35	a304	8.952
315578555	1980-01-01 13:42:35	eb38	2.772
315578556	1980-01-01 13:42:36	8171	5.194
315578556	1980-01-01 13:42:36	2eff	6.206
315578557	1980-01-01 13:42:37	8171	5.418
315578557	1980-01-01 13:42:37	2eff	6.084
315578557	1980-01-01 13:42:37	6aca	10.577
315578557	1980-01-01 13:42:37	eb38	3.46
315578557	1980-01-01 13:42:37	8171	5.166
315578557	1980-01-01 13:42:37	2eff	5.859
315578557	1980-01-01 13:42:37	a304	8.207
315578557	1980-01-01 13:42:37	eb38	3.297
315578558	1980-01-01 13:42:38	8171	5.344
315578558	1980-01-01 13:42:38	2eff	6.013
315578558	1980-01-01 13:42:38	a304	8.53
315578558	1980-01-01 13:42:38	eb38	2.987
315578558	1980-01-01 13:42:38	8171	5.4
315578559	1980-01-01 13:42:39	8171	5.288
315578559	1980-01-01 13:42:39	8171	5.297
315578559	1980-01-01 13:42:39	2eff	0
315578559	1980-01-01 13:42:39	a304	8.455
315578559	1980-01-01 13:42:39	c492	8.202
315578560	1980-01-01 13:42:40	8171	5.189
315578560	1980-01-01 13:42:40	8171	5.142
315578560	1980-01-01 13:42:40	2eff	0
315578560	1980-01-01 13:42:40	eb38	2.692
315578560	1980-01-01 13:42:40	a304	8.066
315578561	1980-01-01 13:42:41	8171	5.109
315578561	1980-01-01 13:42:41	2eff	6.365
315578561	1980-01-01 13:42:41	c492	8.296
315578561	1980-01-01 13:42:41	8171	5.063
315578562	1980-01-01 13:42:42	8171	5.002
315578562	1980-01-01 13:42:42	eb38	2.795
315578562	1980-01-01 13:42:42	8171	4.917
315578563	1980-01-01 13:42:43	8171	4.889
315578563	1980-01-01 13:42:43	a304	7.714
315578563	1980-01-01 13:42:43	2eff	6.257
315578563	1980-01-01 13:42:43	eb38	2.997
315578563	1980-01-01 13:42:43	8171	4.735
315578564	1980-01-01 13:42:44	8171	4.73
315578564	1980-01-01 13:42:44	2eff	5.929
315578564	1980-01-01 13:42:44	c492	7.733
315578564	1980-01-01 13:42:44	a304	7.639
315578564	1980-01-01 13:42:44	8171	4.725
315578569	1980-01-01 13:42:49	8171	3.938
315578569	1980-01-01 13:42:49	2eff	6.224
315578569	1980-01-01 13:42:49	a304	7.785
315578569	1980-01-01 13:42:49	eb38	4.125
315578571	1980-01-01 13:42:51	8171	3.807
315578571	1980-01-01 13:42:51	2eff	7.026
315578571	1980-01-01 13:42:51	eb38	3.901
315578571	1980-01-01 13:42:51	8171	3.76
315578571	1980-01-01 13:42:51	eb38	3.957
315578571	1980-01-01 13:42:51	8171	3.606
315578571	1980-01-01 13:42:51	eb38	3.957
315578572	1980-01-01 13:42:52	8171	3.661
315578572	1980-01-01 13:42:52	eb38	3.924
315578572	1980-01-01 13:42:52	8171	3.689
315578572	1980-01-01 13:42:52	2eff	7.573
315578572	1980-01-01 13:42:52	eb38	3.816
315578573	1980-01-01 13:42:53	8171	4.224
315578573	1980-01-01 13:42:53	2eff	7.681
315578573	1980-01-01 13:42:53	eb38	3.938
315578574	1980-01-01 13:42:54	8171	3.83
315578574	1980-01-01 13:42:54	eb38	3.929
315578574	1980-01-01 13:42:54	2eff	7.297
315578574	1980-01-01 13:42:54	6aca	12.072
315578574	1980-01-01 13:42:54	8171	3.765
315578574	1980-01-01 13:42:54	2eff	7.386
315578574	1980-01-01 13:42:54	6aca	11.989
315578574	1980-01-01 13:42:54	eb38	3.821
315578574	1980-01-01 13:42:54	8171	4.116
315578574	1980-01-01 13:42:54	2eff	7.204
315578574	1980-01-01 13:42:54	6aca	11.942
315578574	1980-01-01 13:42:54	eb38	3.75
315578574	1980-01-01 13:42:54	8171	4.233
315578574	1980-01-01 13:42:54	6aca	11.984
315578574	1980-01-01 13:42:54	eb38	4.181
315578575	1980-01-01 13:42:55	8171	4.308
315578575	1980-01-01 13:42:55	2eff	7.227
315578575	1980-01-01 13:42:55	6aca	12.152
315578575	1980-01-01 13:42:55	eb38	4.2
315578575	1980-01-01 13:42:55	8171	4.252
315578575	1980-01-01 13:42:55	2eff	7.236
315578575	1980-01-01 13:42:55	6aca	12.007
315578575	1980-01-01 13:42:55	eb38	4.228
315578576	1980-01-01 13:42:56	2eff	7.204
315578576	1980-01-01 13:42:56	6aca	12.265
315578576	1980-01-01 13:42:56	eb38	4.177
315578577	1980-01-01 13:42:57	8171	4.374
315578577	1980-01-01 13:42:57	2eff	7.218
315578577	1980-01-01 13:42:57	6aca	12.269
315578577	1980-01-01 13:42:57	eb38	4.153
315578577	1980-01-01 13:42:57	8171	4.425
315578577	1980-01-01 13:42:57	2eff	7.222
315578577	1980-01-01 13:42:57	6aca	12.063
315578577	1980-01-01 13:42:57	eb38	4.088
315578577	1980-01-01 13:42:57	8171	4.392
315578577	1980-01-01 13:42:57	6aca	12.115
315578577	1980-01-01 13:42:57	2eff	7.222
315578577	1980-01-01 13:42:57	eb38	4.134
315578583	1980-01-01 13:43:03	8171	4.889
315578583	1980-01-01 13:43:03	6aca	11.642
315578583	1980-01-01 13:43:03	2eff	7.358
315578583	1980-01-01 13:43:03	eb38	3.353
315578588	1980-01-01 13:43:08	8171	6.487
315578588	1980-01-01 13:43:08	2eff	7.293
315578588	1980-01-01 13:43:08	6aca	11.599
315578588	1980-01-01 13:43:08	eb38	2.917
315578593	1980-01-01 13:43:13	8171	5.217
315578593	1980-01-01 13:43:13	2eff	7.494
315578593	1980-01-01 13:43:13	eb38	3.741
315578598	1980-01-01 13:43:18	8171	4.636
315578598	1980-01-01 13:43:18	eb38	6.73
315578603	1980-01-01 13:43:23	8171	3.811
315578603	1980-01-01 13:43:23	2eff	8.038
315578603	1980-01-01 13:43:23	eb38	7.358
315578608	1980-01-01 13:43:28	8171	2.37
315578608	1980-01-01 13:43:28	2eff	8.099
315578608	1980-01-01 13:43:28	eb38	7.194
315578612	1980-01-01 13:43:32	8171	3.025
315578612	1980-01-01 13:43:32	2eff	8.103
315578612	1980-01-01 13:43:32	a304	7.335
315578612	1980-01-01 13:43:32	eb38	5.882
315578616	1980-01-01 13:43:36	8171	3.896
315578616	1980-01-01 13:43:36	2eff	7.218
315578616	1980-01-01 13:43:36	eb38	4.744
315578616	1980-01-01 13:43:36	8171	3.549
315578616	1980-01-01 13:43:36	2eff	7.504
315578616	1980-01-01 13:43:36	6aca	11.895
315578616	1980-01-01 13:43:36	c492	7.813
315578617	1980-01-01 13:43:37	2eff	8.08
315578617	1980-01-01 13:43:37	6aca	11.529
315578617	1980-01-01 13:43:37	eb38	4.758
315578617	1980-01-01 13:43:37	8171	3.746
315578617	1980-01-01 13:43:37	2eff	7.1
315578617	1980-01-01 13:43:37	eb38	5.887
315578618	1980-01-01 13:43:38	2eff	7.279
315578618	1980-01-01 13:43:38	eb38	3.933
315578618	1980-01-01 13:43:38	2eff	8.216
315578618	1980-01-01 13:43:38	eb38	3.971
315578619	1980-01-01 13:43:39	8171	3.442
315578619	1980-01-01 13:43:39	2eff	7.686
315578619	1980-01-01 13:43:39	eb38	4.069
315578620	1980-01-01 13:43:40	8171	3.306
315578621	1980-01-01 13:43:41	8171	3.404
315578621	1980-01-01 13:43:41	8171	3.512
315578621	1980-01-01 13:43:41	2eff	7.935
315578621	1980-01-01 13:43:41	eb38	3.966
315578621	1980-01-01 13:43:41	2eff	7.991
315578621	1980-01-01 13:43:41	eb38	3.957
315578622	1980-01-01 13:43:42	8171	4.829
315578622	1980-01-01 13:43:42	8171	4.791
315578628	1980-01-01 13:43:48	8171	4.383
315578628	1980-01-01 13:43:48	2eff	8.82
315578628	1980-01-01 13:43:48	6aca	12.499
315578628	1980-01-01 13:43:48	eb38	5.719
315578633	1980-01-01 13:43:53	8171	4.987
315578633	1980-01-01 13:43:53	2eff	7.892
315578633	1980-01-01 13:43:53	eb38	4.866
315578636	1980-01-01 13:43:56	8171	4.632
315578636	1980-01-01 13:43:56	2eff	7.822
315578636	1980-01-01 13:43:56	eb38	5.484
315578641	1980-01-01 13:44:01	8171	3.344
315578641	1980-01-01 13:44:01	2eff	8.094
315578641	1980-01-01 13:44:01	eb38	6.674
315578644	1980-01-01 13:44:04	8171	2.903
315578644	1980-01-01 13:44:04	2eff	8.483
315578644	1980-01-01 13:44:04	eb38	8.249
315578645	1980-01-01 13:44:05	8171	3.179
315578645	1980-01-01 13:44:05	2eff	8.028
315578645	1980-01-01 13:44:05	eb38	7.396
315578645	1980-01-01 13:44:05	8171	2.88
315578645	1980-01-01 13:44:05	eb38	7.049
315578646	1980-01-01 13:44:06	8171	2.824
315578646	1980-01-01 13:44:06	2eff	7.522
315578646	1980-01-01 13:44:06	eb38	5.274
315578646	1980-01-01 13:44:06	8171	2.697
315578646	1980-01-01 13:44:06	6aca	12.645
315578646	1980-01-01 13:44:06	eb38	5.274
315578647	1980-01-01 13:44:07	8171	2.59
315578647	1980-01-01 13:44:07	eb38	5.371
315578647	1980-01-01 13:44:07	8171	2.562
315578647	1980-01-01 13:44:07	2eff	7.841
315578647	1980-01-01 13:44:07	eb38	6.187
315578648	1980-01-01 13:44:08	8171	2.562
315578648	1980-01-01 13:44:08	2eff	8.254
315578648	1980-01-01 13:44:08	eb38	6.759
315578648	1980-01-01 13:44:08	8171	2.627
315578648	1980-01-01 13:44:08	2eff	8.268
315578648	1980-01-01 13:44:08	eb38	5.105
315578649	1980-01-01 13:44:09	8171	2.73
315578649	1980-01-01 13:44:09	2eff	7.888
315578649	1980-01-01 13:44:09	c492	8.464
315578649	1980-01-01 13:44:09	8171	2.613
315578649	1980-01-01 13:44:09	2eff	7.565
315578649	1980-01-01 13:44:09	a304	8.005
315578649	1980-01-01 13:44:09	8171	2.632
315578649	1980-01-01 13:44:09	2eff	7.606
315578654	1980-01-01 13:44:14	eb38	5.432
315578654	1980-01-01 13:44:14	8171	3.283
315578654	1980-01-01 13:44:14	2eff	6.838
315578660	1980-01-01 13:44:20	8171	3.919
315578660	1980-01-01 13:44:20	a304	6.96
315578660	1980-01-01 13:44:20	2eff	6.571
315578660	1980-01-01 13:44:20	eb38	5.236
315578665	1980-01-01 13:44:25	2eff	5.386
315578665	1980-01-01 13:44:25	a304	5.761
315578665	1980-01-01 13:44:25	eb38	5.339
315578665	1980-01-01 13:44:25	1fa0	3.915
315578669	1980-01-01 13:44:29	8171	4.88
315578669	1980-01-01 13:44:29	6aca	8.872
315578669	1980-01-01 13:44:29	2eff	4.35
315578669	1980-01-01 13:44:29	eb38	4.439
315578675	1980-01-01 13:44:35	8171	7.091
315578675	1980-01-01 13:44:35	2eff	4.186
315578675	1980-01-01 13:44:35	6aca	8.605
315578675	1980-01-01 13:44:35	eb38	3.727
315578681	1980-01-01 13:44:41	8171	7.799
315578681	1980-01-01 13:44:41	2eff	4.491
315578681	1980-01-01 13:44:41	6aca	8.525
315578681	1980-01-01 13:44:41	eb38	2.683
315578685	1980-01-01 13:44:45	8171	8.118
315578685	1980-01-01 13:44:45	2eff	6.046
315578685	1980-01-01 13:44:45	eb38	1.251
315578688	1980-01-01 13:44:48	8171	7.114
315578688	1980-01-01 13:44:48	2eff	6.463
315578688	1980-01-01 13:44:48	a304	10.634
315578688	1980-01-01 13:44:48	eb38	0.633
315578689	1980-01-01 13:44:49	2eff	6.43
315578689	1980-01-01 13:44:49	eb38	1.049
315578689	1980-01-01 13:44:49	8171	6.979
315578689	1980-01-01 13:44:49	2eff	6.337
315578689	1980-01-01 13:44:49	eb38	1.143
315578690	1980-01-01 13:44:50	8171	6.927
315578690	1980-01-01 13:44:50	2eff	6.374
315578690	1980-01-01 13:44:50	eb38	1.26
315578690	1980-01-01 13:44:50	8171	6.716
315578690	1980-01-01 13:44:50	2eff	6.402
315578690	1980-01-01 13:44:50	eb38	1.087
315578691	1980-01-01 13:44:51	8171	6.716
315578691	1980-01-01 13:44:51	2eff	6.421
315578691	1980-01-01 13:44:51	eb38	1.077
315578691	1980-01-01 13:44:51	8171	6.82
315578691	1980-01-01 13:44:51	2eff	6.491
315578691	1980-01-01 13:44:51	eb38	0.961
315578692	1980-01-01 13:44:52	8171	6.744
315578692	1980-01-01 13:44:52	a304	9.879
315578692	1980-01-01 13:44:52	8171	6.777
315578692	1980-01-01 13:44:52	eb38	0.961
315578693	1980-01-01 13:44:53	8171	6.637
315578693	1980-01-01 13:44:53	2eff	6.51
315578693	1980-01-01 13:44:53	eb38	1.035
315578693	1980-01-01 13:44:53	a304	9.898
315578697	1980-01-01 13:44:57	8171	6.707
315578697	1980-01-01 13:44:57	2eff	6.562
315578697	1980-01-01 13:44:57	a304	9.87
315578697	1980-01-01 13:44:57	eb38	1.012
315578697	1980-01-01 13:44:57	8171	6.702
315578697	1980-01-01 13:44:57	2eff	6.594
315578697	1980-01-01 13:44:57	eb38	1.002
315578697	1980-01-01 13:44:57	a304	9.865
315578701	1980-01-01 13:45:01	8171	6.702
315578701	1980-01-01 13:45:01	eb38	0.96
315578701	1980-01-01 13:45:01	2eff	6.543
315578703	1980-01-01 13:45:03	8171	6.646
315578703	1980-01-01 13:45:03	2eff	6.435
315578703	1980-01-01 13:45:03	a304	9.706
315578703	1980-01-01 13:45:03	eb38	1.138
315578704	1980-01-01 13:45:04	8171	6.763
315578704	1980-01-01 13:45:04	2eff	6.346
315578704	1980-01-01 13:45:04	eb38	1.007
315578705	1980-01-01 13:45:05	8171	6.721
315578705	1980-01-01 13:45:05	2eff	6.407
315578705	1980-01-01 13:45:05	a304	10.545
315578705	1980-01-01 13:45:05	eb38	0.881
315578705	1980-01-01 13:45:05	8171	6.768
315578705	1980-01-01 13:45:05	2eff	6.421
315578705	1980-01-01 13:45:05	eb38	0.993
315578706	1980-01-01 13:45:06	8171	6.777
315578706	1980-01-01 13:45:06	2eff	6.458
315578706	1980-01-01 13:45:06	eb38	1.002
315578706	1980-01-01 13:45:06	8171	6.796
315578706	1980-01-01 13:45:06	2eff	6.876
315578706	1980-01-01 13:45:06	eb38	0.717
315578706	1980-01-01 13:45:06	8171	6.899
315578706	1980-01-01 13:45:06	2eff	5.775
315578706	1980-01-01 13:45:06	eb38	0.745
315578707	1980-01-01 13:45:07	8171	6.932
315578707	1980-01-01 13:45:07	eb38	0.764
315578707	1980-01-01 13:45:07	8171	6.862
315578707	1980-01-01 13:45:07	eb38	0.904
315578708	1980-01-01 13:45:08	8171	6.993
315578708	1980-01-01 13:45:08	2eff	6.355
315578708	1980-01-01 13:45:08	eb38	0.886
315578708	1980-01-01 13:45:08	8171	7.11
315578708	1980-01-01 13:45:08	2eff	5.573
315578708	1980-01-01 13:45:08	eb38	0.96
315578708	1980-01-01 13:45:08	8171	7.114
315578708	1980-01-01 13:45:08	2eff	5.615
315578708	1980-01-01 13:45:08	eb38	1.007
315578714	1980-01-01 13:45:14	8171	7.194
315578714	1980-01-01 13:45:14	2eff	5.484
315578714	1980-01-01 13:45:14	6aca	9.505
315578714	1980-01-01 13:45:14	eb38	1.406
315578718	1980-01-01 13:45:18	8171	6.721
315578718	1980-01-01 13:45:18	2eff	4.847
315578718	1980-01-01 13:45:18	6aca	9.05
315578718	1980-01-01 13:45:18	eb38	2.14
315578721	1980-01-01 13:45:21	8171	6.416
315578721	1980-01-01 13:45:21	2eff	6.285
315578721	1980-01-01 13:45:21	eb38	1.822
315578721	1980-01-01 13:45:21	8171	6.323
315578721	1980-01-01 13:45:21	eb38	1.808
315578722	1980-01-01 13:45:22	1fa0	6.126
315578722	1980-01-01 13:45:22	eb38	1.957
315578723	1980-01-01 13:45:23	8171	5.985
315578723	1980-01-01 13:45:23	2eff	5.404
315578723	1980-01-01 13:45:23	eb38	2.192
315578723	1980-01-01 13:45:23	8171	5.812
315578723	1980-01-01 13:45:23	a304	8.38
315578723	1980-01-01 13:45:23	eb38	2.361
315578724	1980-01-01 13:45:24	8171	5.765
315578724	1980-01-01 13:45:24	a304	8.099
315578724	1980-01-01 13:45:24	eb38	2.627
315578724	1980-01-01 13:45:24	8171	5.69
315578724	1980-01-01 13:45:24	eb38	2.735
315578725	1980-01-01 13:45:25	8171	5.967
315578725	1980-01-01 13:45:25	2eff	5.451
315578725	1980-01-01 13:45:25	8171	4.847
315578725	1980-01-01 13:45:25	2eff	5.606
315578725	1980-01-01 13:45:25	eb38	2.982
315578725	1980-01-01 13:45:25	a304	8.005
315578726	1980-01-01 13:45:26	8171	4.884
315578726	1980-01-01 13:45:26	2eff	5.442
315578726	1980-01-01 13:45:26	eb38	3.17
315578726	1980-01-01 13:45:26	a304	7.644
315578727	1980-01-01 13:45:27	8171	5.686
315578727	1980-01-01 13:45:27	eb38	3.184
315578727	1980-01-01 13:45:27	2eff	5.269
315578727	1980-01-01 13:45:27	8171	5.719
315578727	1980-01-01 13:45:27	eb38	3.198
315578727	1980-01-01 13:45:27	2eff	5.311
315578732	1980-01-01 13:45:32	8171	5.531
315578732	1980-01-01 13:45:32	2eff	5.306
315578732	1980-01-01 13:45:32	eb38	3.062
315578736	1980-01-01 13:45:36	8171	6.458
315578736	1980-01-01 13:45:36	2eff	5.653
315578736	1980-01-01 13:45:36	6aca	10.339
315578736	1980-01-01 13:45:36	eb38	3.353
315578740	1980-01-01 13:45:40	8171	4.884
315578740	1980-01-01 13:45:40	2eff	6.295
315578740	1980-01-01 13:45:40	eb38	3.704
315578741	1980-01-01 13:45:41	8171	4.978
315578741	1980-01-01 13:45:41	2eff	6.201
315578741	1980-01-01 13:45:41	eb38	3.699
315578741	1980-01-01 13:45:41	8171	4.936
315578741	1980-01-01 13:45:41	2eff	6.159
315578741	1980-01-01 13:45:41	eb38	3.727
315578741	1980-01-01 13:45:41	8171	4.931
315578741	1980-01-01 13:45:41	2eff	6.159
315578741	1980-01-01 13:45:41	eb38	3.779
315578742	1980-01-01 13:45:42	8171	4.875
315578742	1980-01-01 13:45:42	2eff	6.239
315578742	1980-01-01 13:45:42	eb38	3.783
315578743	1980-01-01 13:45:43	8171	4.884
315578743	1980-01-01 13:45:43	2eff	6.267
315578743	1980-01-01 13:45:43	eb38	3.704
315578743	1980-01-01 13:45:43	8171	4.889
315578743	1980-01-01 13:45:43	2eff	6.346
315578743	1980-01-01 13:45:43	eb38	3.708
315578744	1980-01-01 13:45:44	8171	4.903
315578744	1980-01-01 13:45:44	2eff	6.397
315578744	1980-01-01 13:45:44	eb38	3.732
315578744	1980-01-01 13:45:44	8171	4.875
315578744	1980-01-01 13:45:44	2eff	6.388
315578744	1980-01-01 13:45:44	eb38	3.727
315578745	1980-01-01 13:45:45	8171	4.894
315578745	1980-01-01 13:45:45	2eff	6.29
315578745	1980-01-01 13:45:45	eb38	3.708
315578745	1980-01-01 13:45:45	8171	4.857
315578745	1980-01-01 13:45:45	6aca	10.02
315578745	1980-01-01 13:45:45	2eff	6.271
315578745	1980-01-01 13:45:45	eb38	3.718
315578745	1980-01-01 13:45:45	8171	4.889
315578745	1980-01-01 13:45:45	2eff	6.318
315578745	1980-01-01 13:45:45	eb38	3.736
315578751	1980-01-01 13:45:51	8171	4.857
315578751	1980-01-01 13:45:51	2eff	6.042
315578751	1980-01-01 13:45:51	eb38	3.661
315578759	1980-01-01 13:45:59	8171	4.819
315578759	1980-01-01 13:45:59	2eff	6.416
315578759	1980-01-01 13:45:59	eb38	3.657
315578762	1980-01-01 13:46:02	8171	4.833
315578762	1980-01-01 13:46:02	2eff	6.126
315578762	1980-01-01 13:46:02	eb38	3.704
315578765	1980-01-01 13:46:05	8171	4.819
315578765	1980-01-01 13:46:05	2eff	5.662
315578765	1980-01-01 13:46:05	a304	8.534
315578765	1980-01-01 13:46:05	eb38	3.689
315578770	1980-01-01 13:46:10	8171	5.133
315578770	1980-01-01 13:46:10	eb38	3.99
315578770	1980-01-01 13:46:10	a304	7.565
315578771	1980-01-01 13:46:11	8171	5.109
315578771	1980-01-01 13:46:11	a304	7.62
315578771	1980-01-01 13:46:11	eb38	4.018
315578771	1980-01-01 13:46:11	2eff	5.371
315578771	1980-01-01 13:46:11	2eff	5.278
315578771	1980-01-01 13:46:11	8171	5.152
315578771	1980-01-01 13:46:11	2eff	5.217
315578771	1980-01-01 13:46:11	eb38	4.022
315578771	1980-01-01 13:46:11	a304	6.834
315578771	1980-01-01 13:46:11	8171	5.095
315578771	1980-01-01 13:46:11	2eff	5.311
315578771	1980-01-01 13:46:11	a304	7.068
315578771	1980-01-01 13:46:11	eb38	4.069
315578772	1980-01-01 13:46:12	8171	5.184
315578772	1980-01-01 13:46:12	2eff	5.072
315578772	1980-01-01 13:46:12	eb38	4.032
315578772	1980-01-01 13:46:12	8171	5.119
315578772	1980-01-01 13:46:12	2eff	5.274
315578772	1980-01-01 13:46:12	eb38	4.032
315578772	1980-01-01 13:46:12	a304	7.119
315578773	1980-01-01 13:46:13	8171	5.17
315578773	1980-01-01 13:46:13	2eff	5.33
315578773	1980-01-01 13:46:13	eb38	4.051
315578773	1980-01-01 13:46:13	8171	5.156
315578773	1980-01-01 13:46:13	2eff	5.559
315578773	1980-01-01 13:46:13	eb38	4.004
315578774	1980-01-01 13:46:14	8171	5.147
315578774	1980-01-01 13:46:14	2eff	5.432
315578774	1980-01-01 13:46:14	a304	7.175
315578774	1980-01-01 13:46:14	c492	7.068
315578774	1980-01-01 13:46:14	8171	5.114
315578774	1980-01-01 13:46:14	2eff	5.33
315578774	1980-01-01 13:46:14	a304	7.133
315578774	1980-01-01 13:46:14	eb38	4.032
315578776	1980-01-01 13:46:16	8171	3.858
315578776	1980-01-01 13:46:16	2eff	5.269
315578776	1980-01-01 13:46:16	a304	7.072
315578776	1980-01-01 13:46:16	eb38	4.102
315578776	1980-01-01 13:46:16	8171	5.147
315578776	1980-01-01 13:46:16	2eff	5.335
315578776	1980-01-01 13:46:16	eb38	4.125
315578776	1980-01-01 13:46:16	a304	7.194
315578781	1980-01-01 13:46:21	8171	4.931
315578781	1980-01-01 13:46:21	2eff	5.737
315578781	1980-01-01 13:46:21	a304	7.569
315578781	1980-01-01 13:46:21	eb38	3.629
315578787	1980-01-01 13:46:27	8171	4.973
315578787	1980-01-01 13:46:27	2eff	5.84
315578787	1980-01-01 13:46:27	eb38	3.708
315578788	1980-01-01 13:46:28	8171	4.838
315578788	1980-01-01 13:46:28	eb38	3.694
315578788	1980-01-01 13:46:28	8171	4.847
315578788	1980-01-01 13:46:28	2eff	5.901
315578788	1980-01-01 13:46:28	eb38	3.76
315578788	1980-01-01 13:46:28	8171	4.87
315578788	1980-01-01 13:46:28	2eff	6.159
315578788	1980-01-01 13:46:28	eb38	3.741
315578790	1980-01-01 13:46:30	8171	4.852
315578790	1980-01-01 13:46:30	2eff	5.854
315578790	1980-01-01 13:46:30	eb38	3.722
315578790	1980-01-01 13:46:30	a304	7.972
315578790	1980-01-01 13:46:30	8171	4.87
315578790	1980-01-01 13:46:30	2eff	5.967
315578790	1980-01-01 13:46:30	eb38	3.736
315578790	1980-01-01 13:46:30	8171	4.889
315578790	1980-01-01 13:46:30	2eff	6.079
315578790	1980-01-01 13:46:30	eb38	3.736
315578791	1980-01-01 13:46:31	8171	4.889
315578791	1980-01-01 13:46:31	2eff	5.952
315578791	1980-01-01 13:46:31	eb38	3.722
315578792	1980-01-01 13:46:32	8171	4.884
315578792	1980-01-01 13:46:32	2eff	5.985
315578792	1980-01-01 13:46:32	eb38	3.736
315578792	1980-01-01 13:46:32	8171	4.866
315578792	1980-01-01 13:46:32	2eff	6.253
315578792	1980-01-01 13:46:32	eb38	3.746
315578796	1980-01-01 13:46:36	8171	4.852
315578796	1980-01-01 13:46:36	2eff	5.808
315578796	1980-01-01 13:46:36	eb38	3.741
315578796	1980-01-01 13:46:36	8171	4.889
315578796	1980-01-01 13:46:36	eb38	3.746
315578796	1980-01-01 13:46:36	2eff	5.798
315578796	1980-01-01 13:46:36	8171	5.302
315578796	1980-01-01 13:46:36	2eff	5.733
315578796	1980-01-01 13:46:36	eb38	3.708
315578796	1980-01-01 13:46:36	8171	5.011
315578796	1980-01-01 13:46:36	2eff	5.822
315578796	1980-01-01 13:46:36	eb38	3.606
315578797	1980-01-01 13:46:37	a304	7.335
315578797	1980-01-01 13:46:37	1fa0	5.545
315578798	1980-01-01 13:46:38	a304	7.518
315578798	1980-01-01 13:46:38	2eff	5.756
315578798	1980-01-01 13:46:38	1fa0	5.756
315578798	1980-01-01 13:46:38	eb38	3.465
315578799	1980-01-01 13:46:39	6aca	10.095
315578799	1980-01-01 13:46:39	1fa0	5.437
315578799	1980-01-01 13:46:39	eb38	3.33
315578799	1980-01-01 13:46:39	8171	5.39
315578799	1980-01-01 13:46:39	2eff	5.325
315578799	1980-01-01 13:46:39	6aca	9.842
315578799	1980-01-01 13:46:39	eb38	3.283
315578799	1980-01-01 13:46:39	2eff	5.264
315578799	1980-01-01 13:46:39	6aca	9.688
315578799	1980-01-01 13:46:39	eb38	3.736
315578799	1980-01-01 13:46:39	8171	5.948
315578799	1980-01-01 13:46:39	2eff	5.119
315578799	1980-01-01 13:46:39	6aca	9.453
315578801	1980-01-01 13:46:41	8171	6.407
315578801	1980-01-01 13:46:41	2eff	5.063
315578801	1980-01-01 13:46:41	6aca	9.95
315578801	1980-01-01 13:46:41	eb38	3.212
315578801	1980-01-01 13:46:41	8171	6.201
315578801	1980-01-01 13:46:41	6aca	9.176
315578801	1980-01-01 13:46:41	2eff	5.152
315578801	1980-01-01 13:46:41	eb38	3.269
315578801	1980-01-01 13:46:41	8171	6.651
315578801	1980-01-01 13:46:41	2eff	4.936
315578801	1980-01-01 13:46:41	6aca	9.533
315578801	1980-01-01 13:46:41	eb38	3.133
315578802	1980-01-01 13:46:42	8171	6.674
315578802	1980-01-01 13:46:42	2eff	5.123
315578802	1980-01-01 13:46:42	eb38	2.744
315578802	1980-01-01 13:46:42	8171	7.091
315578802	1980-01-01 13:46:42	2eff	5.034
315578802	1980-01-01 13:46:42	6aca	9.158
315578802	1980-01-01 13:46:42	eb38	2.403
315578803	1980-01-01 13:46:43	8171	6.496
315578803	1980-01-01 13:46:43	2eff	5.381
315578803	1980-01-01 13:46:43	eb38	2.084
315578803	1980-01-01 13:46:43	8171	6.271
315578803	1980-01-01 13:46:43	2eff	6.145
315578803	1980-01-01 13:46:43	eb38	1.841
315578804	1980-01-01 13:46:44	8171	6.178
315578804	1980-01-01 13:46:44	eb38	1.714
315578804	1980-01-01 13:46:44	2eff	5.971
315578804	1980-01-01 13:46:44	8171	6.187
315578804	1980-01-01 13:46:44	2eff	6.318
315578804	1980-01-01 13:46:44	eb38	1.704
315578804	1980-01-01 13:46:44	8171	6.336
315578804	1980-01-01 13:46:44	eb38	1.714
315578805	1980-01-01 13:46:45	8171	6.173
315578805	1980-01-01 13:46:45	eb38	1.798
315578805	1980-01-01 13:46:45	eb38	1.789
315578806	1980-01-01 13:46:46	8171	6.557
315578806	1980-01-01 13:46:46	2eff	5.709
315578806	1980-01-01 13:46:46	eb38	1.522
315578807	1980-01-01 13:46:47	8171	6.641
315578807	1980-01-01 13:46:47	2eff	5.934
315578807	1980-01-01 13:46:47	eb38	1.541
315578807	1980-01-01 13:46:47	8171	6.59
315578807	1980-01-01 13:46:47	2eff	5.653
315578807	1980-01-01 13:46:47	eb38	1.607
315578808	1980-01-01 13:46:48	8171	6.505
315578808	1980-01-01 13:46:48	2eff	5.686
315578808	1980-01-01 13:46:48	eb38	1.546
315578809	1980-01-01 13:46:49	8171	6.51
315578809	1980-01-01 13:46:49	2eff	5.69
315578809	1980-01-01 13:46:49	eb38	1.541
315578809	1980-01-01 13:46:49	8171	6.496
315578809	1980-01-01 13:46:49	2eff	5.742
315578809	1980-01-01 13:46:49	eb38	1.517
315578809	1980-01-01 13:46:49	8171	6.463
315578809	1980-01-01 13:46:49	2eff	6.037
315578809	1980-01-01 13:46:49	eb38	1.607
315578810	1980-01-01 13:46:50	8171	6.515
315578810	1980-01-01 13:46:50	2eff	5.381
315578810	1980-01-01 13:46:50	6aca	9.659
315578810	1980-01-01 13:46:50	eb38	1.607
315578811	1980-01-01 13:46:51	8171	6.524
315578811	1980-01-01 13:46:51	eb38	1.583
315578811	1980-01-01 13:46:51	8171	6.529
315578811	1980-01-01 13:46:51	eb38	1.578
315578811	1980-01-01 13:46:51	8171	6.646
315578811	1980-01-01 13:46:51	eb38	1.593
315578812	1980-01-01 13:46:52	8171	6.529
315578812	1980-01-01 13:46:52	eb38	1.578
315578812	1980-01-01 13:46:52	8171	6.407
315578812	1980-01-01 13:46:52	2eff	5.765
315578812	1980-01-01 13:46:52	eb38	1.326
315578813	1980-01-01 13:46:53	8171	6.468
315578813	1980-01-01 13:46:53	eb38	1.424
315578813	1980-01-01 13:46:53	8171	6.267
315578813	1980-01-01 13:46:53	2eff	6.346
315578813	1980-01-01 13:46:53	eb38	1.508
315578814	1980-01-01 13:46:54	8171	6.21
315578814	1980-01-01 13:46:54	2eff	6.337
315578814	1980-01-01 13:46:54	eb38	1.532
315578814	1980-01-01 13:46:54	2eff	7.25
315578816	1980-01-01 13:46:56	2eff	7.194
315578817	1980-01-01 13:46:57	2eff	7.288
315578818	1980-01-01 13:46:58	2eff	7.34
315578823	1980-01-01 13:47:03	8171	6.59
315578823	1980-01-01 13:47:03	2eff	5.583
315578823	1980-01-01 13:47:03	6aca	10.33
315578823	1980-01-01 13:47:03	eb38	1.625
315578823	1980-01-01 13:47:03	8171	6.571
315578823	1980-01-01 13:47:03	2eff	5.55
315578823	1980-01-01 13:47:03	6aca	9.013
315578823	1980-01-01 13:47:03	eb38	1.649
315578824	1980-01-01 13:47:04	8171	6.562
315578824	1980-01-01 13:47:04	2eff	5.606
315578824	1980-01-01 13:47:04	6aca	9.242
315578824	1980-01-01 13:47:04	eb38	1.639
315578824	1980-01-01 13:47:04	2eff	5.737
315578824	1980-01-01 13:47:04	eb38	1.611
315578825	1980-01-01 13:47:05	2eff	5.84
315578825	1980-01-01 13:47:05	6aca	10.156
315578825	1980-01-01 13:47:05	eb38	1.644
315578825	1980-01-01 13:47:05	2eff	5.761
315578825	1980-01-01 13:47:05	eb38	1.611
315578825	1980-01-01 13:47:05	8171	6.59
315578825	1980-01-01 13:47:05	8171	6.566
315578825	1980-01-01 13:47:05	8171	6.548
315578826	1980-01-01 13:47:06	8171	6.515
315578826	1980-01-01 13:47:06	2eff	5.672
315578826	1980-01-01 13:47:06	eb38	1.63
315578826	1980-01-01 13:47:06	8171	6.58
315578826	1980-01-01 13:47:06	2eff	5.896
315578826	1980-01-01 13:47:06	eb38	1.616
315578827	1980-01-01 13:47:07	8171	6.58
315578827	1980-01-01 13:47:07	2eff	5.784
315578827	1980-01-01 13:47:07	eb38	1.621
315578827	1980-01-01 13:47:07	8171	6.562
315578827	1980-01-01 13:47:07	2eff	5.836
315578827	1980-01-01 13:47:07	6aca	8.741
315578827	1980-01-01 13:47:07	eb38	1.649
315578828	1980-01-01 13:47:08	8171	6.594
315578828	1980-01-01 13:47:08	2eff	5.938
315578828	1980-01-01 13:47:08	8171	6.632
315578828	1980-01-01 13:47:08	2eff	5.901
315578833	1980-01-01 13:47:13	8171	6.58
315578833	1980-01-01 13:47:13	2eff	5.877
315578833	1980-01-01 13:47:13	eb38	1.677
315578838	1980-01-01 13:47:18	8171	6.487
315578838	1980-01-01 13:47:18	2eff	5.943
315578838	1980-01-01 13:47:18	eb38	1.635
315578843	1980-01-01 13:47:23	8171	6.777
315578843	1980-01-01 13:47:23	2eff	5.891
315578843	1980-01-01 13:47:23	eb38	1.686
315578843	1980-01-01 13:47:23	a304	9.406
315578849	1980-01-01 13:47:29	8171	6.712
315578849	1980-01-01 13:47:29	2eff	5.915
315578849	1980-01-01 13:47:29	eb38	1.654
315578853	1980-01-01 13:47:33	8171	6.576
315578853	1980-01-01 13:47:33	2eff	5.84
315578853	1980-01-01 13:47:33	eb38	1.7
315578980	1980-01-01 13:49:40	8171	6.805
315578980	1980-01-01 13:49:40	2eff	5.672
315578980	1980-01-01 13:49:40	eb38	1.578
315578985	1980-01-01 13:49:45	8171	6.796
315578985	1980-01-01 13:49:45	2eff	5.84
315578985	1980-01-01 13:49:45	eb38	1.602
315578989	1980-01-01 13:49:49	8171	6.763
315578989	1980-01-01 13:49:49	2eff	5.695
315578989	1980-01-01 13:49:49	eb38	1.578
315578994	1980-01-01 13:49:54	8171	6.744
315578994	1980-01-01 13:49:54	2eff	5.686
315578994	1980-01-01 13:49:54	eb38	1.593
315578999	1980-01-01 13:49:59	8171	6.82
315578999	1980-01-01 13:49:59	2eff	5.658
315578999	1980-01-01 13:49:59	eb38	1.602
315579004	1980-01-01 13:50:04	8171	6.735
315579004	1980-01-01 13:50:04	2eff	5.662
315579004	1980-01-01 13:50:04	eb38	1.583
