1710613850	-1
1710613851	-1
1710613852	-1
1710613853	-1
1710613854	-1
1710613855	-1
1710613856	-1
1710613857	-1
1710613858	-1
1710613859	-1
1710613860	-1
1710613861	-1
1710613862	-1
1710613863	-1
1710613864	-1
1710613865	-1
1710613866	-1
1710613867	-1
1710613868	-1
1710613869	-1
1710613870	-1
1710613871	-1
1710613872	-1
1710613873	-1
1710613874	-1
1710613875	-1
1710613876	-1
1710613877	-1
1710613878	-1
1710613879	-1
1710613880	-1
1710613881	-1
1710613882	-1
1710613883	-1
1710613884	-1
1710613885	-1
1710613886	-1
1710613887	-1
1710613888	-1
1710613889	-1
1710613890	-1
1710613891	-1
1710613892	-1
1710613893	-1
1710613894	-1
1710613895	-1
1710613896	-1
1710613897	-1
1710613898	-1
1710613899	-1
1710613900	-1
1710613901	-1
1710613902	-1
1710613903	-1
1710613904	-1
1710613905	-1
1710613906	-1
1710613907	-1
1710613908	-1
1710613909	-1
1710613910	-1
1710613911	-1
1710613912	-1
1710613913	-1
1710613914	-1
1710613915	-1
1710613916	-1
1710613917	-1
1710613918	-1
1710613919	-1
1710613920	-1
1710613921	-1
1710613922	-1
1710613923	-1
1710613924	-1
1710613925	-1
1710613926	-1
1710613927	-1
1710613928	-1
1710613929	-1
1710613930	-1
1710613931	-1
1710613932	-1
1710613933	-1
1710613934	-1
1710613935	-1
1710613936	-1
1710613937	-1
1710613938	-1
1710613939	-1
1710613940	-1
1710613941	-1
1710613942	-1
1710613943	-1
1710613944	-1
1710613945	-1
1710613946	-1
1710613947	-1
1710613948	-1
1710613949	-1
1710613950	-1
1710613951	-1
1710613952	-1
1710613953	-1
1710613954	-1
1710613955	-1
1710613956	-1
1710613957	-1
1710613958	-1
1710613959	-1
1710613960	-1
1710613961	-1
1710613962	-1
1710613963	-1
1710613964	-1
1710613965	-1
1710613966	-1
1710613967	-1
1710613968	-1
1710613969	-1
1710613970	-1
1710613971	-1
1710613972	-1
1710613973	-1
1710613974	-1
1710613975	-1
1710613976	-1
1710613977	-1
1710613978	-1
1710613979	-1
1710613980	-1
1710613981	-1
1710613982	-1
1710613983	-1
1710613984	-1
1710613985	-1
1710613986	-1
1710613987	-1
1710613988	-1
1710613989	-1
1710613990	-1
1710613991	-1
1710613992	-1
1710613993	-1
1710613994	-1
1710613995	-1
1710613996	-1
1710613997	-1
1710613998	-1
1710613999	-1
1710614000	-1
1710614001	-1
1710614002	-1
1710614003	-1
1710614004	-1
1710614005	-1
1710614006	-1
1710614007	-1
1710614008	-1
1710614009	-1
1710614010	-1
1710614011	-1
1710614012	-1
1710614013	-1
1710614014	-1
1710614015	-1
1710614016	-1
1710614017	-1
1710614018	-1
1710614019	-1
1710614020	-1
1710614021	-1
1710614022	-1
1710614023	-1
1710614024	-1
1710614025	-1
1710614026	-1
1710614027	-1
1710614028	-1
1710614029	-1
1710614030	-1
1710614031	-1
1710614032	-1
1710614033	-1
1710614034	-1
1710614035	-1
1710614036	-1
1710614037	-1
1710614038	-1
1710614039	-1
1710614040	-1
1710614041	-1
1710614042	-1
1710614043	-1
1710614044	-1
1710614045	-1
1710614046	-1
1710614047	-1
1710614048	-1
1710614049	-1
1710614050	-1
1710614051	-1
1710614052	-1
1710614053	-1
1710614054	-1
1710614055	-1
1710614056	-1
1710614057	-1
1710614058	-1
1710614059	-1
1710614060	-1
1710614061	-1
1710614062	-1
1710614063	-1
1710614064	-1
1710614065	-1
1710614066	-1
1710614067	-1
1710614068	-1
1710614069	-1
1710614070	-1
1710614071	-1
1710614072	-1
1710614073	-1
1710614074	-1
1710614075	-1
1710614076	-1
1710614077	-1
1710614078	-1
1710614079	-1
1710614080	-1
1710614081	-1
1710614082	-1
1710614083	-1
1710614084	-1
1710614085	-1
1710614086	-1
1710614087	-1
1710614088	-1
1710614089	-1
1710614090	-1
1710614091	-1
1710614092	-1
1710614093	-1
1710614094	-1
1710614095	-1
1710614096	-1
1710614097	-1
1710614098	-1
1710614099	-1
1710614100	-1
1710614101	-1
1710614102	-1
1710614103	-1
1710614104	-1
1710614105	-1
1710614106	-1
1710614107	-1
1710614108	-1
1710614109	-1
1710614110	-1
1710614111	-1
1710614112	-1
1710614113	-1
1710614114	-1
1710614115	-1
1710614116	-1
1710614117	-1
1710614118	-1
1710614119	-1
1710614120	-1
1710614121	-1
1710614122	-1
1710614123	-1
1710614124	-1
1710614125	-1
1710614126	-1
1710614127	-1
1710614128	-1
1710614129	-1
1710614130	-1
1710614131	-1
1710614132	-1
1710614133	-1
1710614134	-1
1710614135	-1
1710614136	-1
1710614137	-1
1710614138	-1
1710614139	-1
1710614140	-1
1710614141	-1
1710614142	-1
1710614143	-1
1710614144	-1
1710614145	-1
1710614146	-1
1710614147	-1
1710614148	-1
1710614149	-1
1710614150	-1
1710614151	-1
1710614152	-1
1710614153	-1
1710614154	-1
1710614155	-1
1710614156	-1
1710614157	-1
1710614158	-1
1710614159	-1
1710614160	-1
1710614161	-1
1710614162	-1
1710614163	-1
1710614164	-1
1710614165	-1
1710614166	-1
1710614167	-1
1710614168	-1
1710614169	-1
1710614170	-1
1710614171	-1
1710614172	-1
1710614173	-1
1710614174	-1
1710614175	-1
1710614176	-1
1710614177	-1
1710614178	-1
1710614179	-1
1710614180	-1
1710614181	-1
1710614182	-1
1710614183	-1
1710614184	-1
1710614185	-1
1710614186	-1
1710614187	-1
1710614188	-1
1710614189	-1
1710614190	-1
1710614191	-1
1710614192	-1
1710614193	-1
1710614194	-1
1710614195	-1
1710614196	-1
1710614197	-1
1710614198	-1
1710614199	-1
1710614200	-1
1710614201	-1
1710614202	-1
1710614203	-1
1710614204	-1
1710614205	-1
1710614206	-1
1710614207	-1
1710614208	-1
1710614209	-1
1710614210	-1
1710614211	-1
1710614212	-1
1710614213	-1
1710614214	-1
1710614215	-1
1710614216	-1
1710614217	-1
1710614218	-1
1710614219	-1
1710614220	-1
1710614221	-1
1710614222	-1
1710614223	-1
1710614224	-1
1710614225	-1
1710614226	-1
1710614227	-1
1710614228	-1
1710614229	-1
1710614230	-1
1710614231	-1
1710614232	-1
1710614233	-1
1710614234	-1
1710614235	-1
1710614236	-1
1710614237	-1
1710614238	-1
1710614239	-1
1710614240	-1
1710614241	-1
1710614242	-1
1710614243	-1
1710614244	-1
1710614245	-1
1710614246	-1
1710614247	-1
1710614248	-1
1710614249	-1
1710614250	-1
1710614251	-1
1710614252	-1
1710614253	-1
1710614254	-1
1710614255	-1
1710614256	-1
1710614257	-1
1710614258	-1
1710614259	-1
1710614260	-1
1710614261	-1
1710614262	-1
1710614263	-1
1710614264	-1
1710614265	-1
1710614266	-1
1710614267	-1
1710614268	-1
1710614269	-1
1710614270	-1
1710614271	-1
1710614272	-1
1710614273	-1
1710614274	-1
1710614275	-1
1710614276	-1
1710614277	-1
1710614278	-1
1710614279	-1
1710614280	-1
1710614281	-1
1710614282	-1
1710614283	-1
1710614284	-1
1710614285	-1
1710614286	-1
1710614287	-1
1710614288	-1
1710614289	-1
1710614290	-1
1710614291	-1
1710614292	-1
1710614293	-1
1710614294	-1
1710614295	-1
1710614296	-1
1710614297	-1
1710614298	-1
1710614299	-1
1710614300	-1
1710614301	-1
1710614302	-1
1710614303	-1
1710614304	-1
1710614305	-1
1710614306	-1
1710614307	-1
1710614308	-1
1710614309	-1
1710614310	-1
1710614311	-1
1710614312	-1
1710614313	-1
1710614314	-1
1710614315	-1
1710614316	-1
1710614317	-1
1710614318	-1
1710614319	-1
1710614320	-1
1710614321	-1
1710614322	-1
1710614323	-1
1710614324	-1
1710614325	-1
1710614326	-1
1710614327	-1
1710614328	-1
1710614329	-1
1710614330	-1
1710614331	-1
1710614332	-1
1710614333	-1
1710614334	-1
1710614335	-1
1710614336	-1
1710614337	-1
1710614338	-1
1710614339	-1
1710614340	-1
1710614341	-1
1710614342	-1
1710614343	-1
1710614344	-1
1710614345	-1
1710614346	-1
1710614347	-1
1710614348	-1
1710614349	-1
1710614350	-1
1710614351	-1
1710614352	-1
1710614353	-1
1710614354	-1
1710614355	-1
1710614356	-1
1710614357	-1
1710614358	-1
1710614359	-1
1710614360	-1
1710614361	-1
1710614362	-1
1710614363	-1
1710614364	-1
1710614365	-1
1710614366	-1
1710614367	-1
1710614368	-1
1710614369	-1
1710614370	-1
1710614371	-1
1710614372	-1
1710614373	-1
1710614374	-1
1710614375	-1
1710614376	-1
1710614377	-1
1710614378	-1
1710614379	-1
1710614380	-1
1710614381	-1
1710614382	-1
1710614383	-1
1710614384	-1
1710614385	-1
1710614386	-1
1710614387	-1
1710614388	-1
1710614389	-1
1710614390	-1
1710614391	-1
1710614392	-1
1710614393	-1
1710614394	-1
1710614395	-1
1710614396	-1
1710614397	-1
1710614398	-1
1710614399	-1
1710614400	-1
1710614401	-1
1710614402	-1
1710614403	-1
1710614404	-1
1710614405	-1
1710614406	-1
1710614407	-1
1710614408	-1
1710614409	-1
1710614410	-1
1710614411	-1
1710614412	-1
1710614413	-1
1710614414	-1
1710614415	-1
1710614416	-1
1710614417	-1
1710614418	-1
1710614419	-1
1710614420	-1
1710614421	-1
1710614422	-1
1710614423	-1
1710614424	-1
1710614425	-1
1710614426	-1
1710614427	-1
1710614428	-1
1710614429	-1
1710614430	-1
1710614431	-1
1710614432	-1
1710614433	-1
1710614434	-1
1710614435	-1
1710614436	-1
1710614437	-1
1710614438	-1
1710614439	-1
1710614440	-1
1710614441	-1
1710614442	-1
1710614443	-1
1710614444	-1
1710614445	-1
1710614446	-1
1710614447	-1
1710614448	-1
1710614449	-1
1710614450	-1
1710614451	-1
1710614452	-1
1710614453	-1
1710614454	-1
1710614455	-1
1710614456	-1
1710614457	-1
1710614458	-1
1710614459	-1
1710614460	-1
1710614461	-1
1710614462	-1
1710614463	-1
1710614464	-1
1710614465	-1
1710614466	-1
1710614467	-1
1710614468	-1
1710614469	-1
1710614470	-1
1710614471	-1
1710614472	-1
1710614473	-1
1710614474	-1
1710614475	-1
1710614476	-1
1710614477	-1
1710614478	-1
1710614479	-1
1710614480	-1
1710614481	-1
1710614482	-1
1710614483	-1
1710614484	-1
1710614485	-1
1710614486	-1
1710614487	-1
1710614488	-1
1710614489	-1
1710614490	-1
1710614491	-1
1710614492	-1
1710614493	-1
1710614494	-1
1710614495	-1
1710614496	-1
1710614497	-1
1710614498	-1
1710614499	-1
1710614500	-1
1710614501	-1
1710614502	-1
1710614503	-1
1710614504	-1
1710614505	-1
1710614506	-1
1710614507	-1
1710614508	-1
1710614509	-1
1710614510	-1
1710614511	-1
1710614512	-1
1710614513	-1
1710614514	-1
1710614515	-1
1710614516	-1
1710614517	-1
1710614518	-1
1710614519	-1
1710614520	-1
1710614521	-1
1710614522	-1
1710614523	-1
1710614524	-1
1710614525	-1
1710614526	-1
1710614527	-1
1710614528	-1
1710614529	-1
1710614530	-1
1710614531	-1
1710614532	-1
1710614533	-1
1710614534	-1
1710614535	-1
1710614536	-1
1710614537	-1
1710614538	-1
1710614539	-1
1710614540	-1
1710614541	-1
1710614542	-1
1710614543	-1
1710614544	-1
1710614545	-1
1710614546	-1
1710614547	-1
1710614548	-1
1710614549	-1
1710614550	-1
1710614551	-1
1710614552	-1
1710614553	-1
1710614554	-1
1710614555	-1
1710614556	-1
1710614557	-1
1710614558	-1
1710614559	-1
1710614560	-1
1710614561	-1
1710614562	-1
1710614563	-1
1710614564	-1
1710614565	-1
1710614566	-1
1710614567	-1
1710614568	-1
1710614569	-1
1710614570	-1
1710614571	-1
1710614572	-1
1710614573	-1
1710614574	-1
1710614575	-1
1710614576	-1
1710614577	-1
1710614578	-1
1710614579	-1
1710614580	-1
1710614581	-1
1710614582	-1
1710614583	-1
1710614584	-1
1710614585	-1
1710614586	-1
1710614587	-1
1710614588	-1
1710614589	-1
1710614590	-1
1710614591	-1
1710614592	-1
1710614593	-1
1710614594	-1
1710614595	-1
1710614596	-1
1710614597	-1
1710614598	-1
1710614599	-1
1710614600	-1
1710614601	-1
1710614602	-1
1710614603	-1
1710614604	-1
1710614605	-1
1710614606	-1
1710614607	-1
1710614608	-1
1710614609	-1
1710614610	-1
1710614611	-1
1710614612	-1
1710614613	-1
1710614614	-1
1710614615	-1
1710614616	-1
1710614617	-1
1710614618	-1
1710614619	-1
1710614620	-1
1710614621	-1
1710614622	-1
1710614623	-1
1710614624	-1
1710614625	-1
1710614626	-1
1710614627	-1
1710614628	-1
1710614629	-1
1710614630	-1
1710614631	-1
1710614632	-1
1710614633	-1
1710614634	-1
1710614635	-1
1710614636	-1
1710614637	-1
1710614638	-1
1710614639	-1
1710614640	-1
1710614641	-1
1710614642	-1
1710614643	-1
1710614644	-1
1710614645	-1
1710614646	-1
1710614647	-1
1710614648	-1
1710614649	-1
1710614650	-1
1710614651	-1
1710614652	-1
1710614653	-1
1710614654	-1
1710614655	-1
1710614656	-1
1710614657	-1
1710614658	-1
1710614659	-1
1710614660	-1
1710614661	-1
1710614662	-1
1710614663	-1
1710614664	-1
1710614665	-1
1710614666	-1
1710614667	-1
1710614668	-1
1710614669	-1
1710614670	-1
1710614671	-1
1710614672	-1
1710614673	-1
1710614674	-1
1710614675	-1
1710614676	-1
1710614677	-1
1710614678	-1
1710614679	-1
1710614680	-1
1710614681	-1
1710614682	-1
1710614683	-1
1710614684	-1
1710614685	-1
1710614686	-1
1710614687	-1
1710614688	-1
1710614689	-1
1710614690	-1
1710614691	-1
1710614692	-1
1710614693	-1
1710614694	-1
1710614695	-1
1710614696	-1
1710614697	-1
1710614698	-1
1710614699	-1
1710614700	-1
1710614701	-1
1710614702	-1
1710614703	-1
1710614704	-1
1710614705	-1
1710614706	-1
1710614707	-1
1710614708	-1
1710614709	-1
1710614710	-1
1710614711	-1
1710614712	-1
1710614713	-1
1710614714	-1
1710614715	-1
1710614716	-1
1710614717	-1
1710614718	-1
1710614719	-1
1710614720	-1
1710614721	-1
1710614722	-1
1710614723	-1
1710614724	-1
1710614725	-1
1710614726	-1
1710614727	-1
1710614728	-1
1710614729	-1
1710614730	-1
1710614731	-1
1710614732	-1
1710614733	-1
1710614734	-1
1710614735	-1
1710614736	-1
1710614737	-1
1710614738	-1
1710614739	-1
1710614740	-1
1710614741	-1
1710614742	-1
1710614743	-1
1710614744	-1
1710614745	-1
1710614746	-1
1710614747	-1
1710614748	-1
1710614749	-1
1710614750	-1
1710614751	-1
1710614752	-1
1710614753	-1
1710614754	-1
1710614755	-1
1710614756	-1
1710614757	-1
1710614758	-1
1710614759	-1
1710614760	-1
1710614761	-1
1710614762	-1
1710614763	-1
1710614764	-1
1710614765	-1
1710614766	-1
1710614767	-1
1710614768	-1
1710614769	-1
1710614770	-1
1710614771	-1
1710614772	-1
1710614773	-1
1710614774	-1
1710614775	-1
1710614776	-1
1710614777	-1
1710614778	-1
1710614779	-1
1710614780	-1
1710614781	-1
1710614782	-1
1710614783	-1
1710614784	-1
1710614785	-1
1710614786	-1
1710614787	-1
1710614788	-1
1710614789	-1
1710614790	-1
1710614791	-1
1710614792	-1
1710614793	-1
1710614794	-1
1710614795	-1
1710614796	-1
1710614797	-1
1710614798	-1
1710614799	-1
1710614800	-1
1710614801	-1
1710614802	-1
1710614803	-1
1710614804	-1
1710614805	-1
1710614806	-1
1710614807	-1
1710614808	-1
1710614809	-1
1710614810	-1
1710614811	-1
1710614812	-1
1710614813	-1
1710614814	-1
1710614815	-1
1710614816	-1
1710614817	-1
1710614818	-1
1710614819	-1
1710614820	-1
1710614821	-1
1710614822	-1
1710614823	-1
1710614824	7.41
1710614825	7.41
1710614826	-1
1710614827	8.722
1710614828	8.722
1710614829	9.186
1710614830	9.19
1710614831	-1
1710614832	-1
1710614833	-1
1710614834	-1
1710614835	-1
1710614836	-1
1710614837	-1
1710614838	11.393
1710614839	11.393
1710614840	-1
1710614841	-1
1710614842	-1
1710614843	-1
1710614844	-1
1710614845	6.585
1710614846	6.585
1710614847	-1
1710614848	-1
1710614849	-1
1710614850	-1
1710614851	-1
1710614852	-1
1710614853	-1
1710614854	-1
1710614855	-1
1710614856	-1
1710614857	-1
1710614858	-1
1710614859	-1
1710614860	-1
1710614861	6.974
1710614862	6.974
1710614863	-1
1710614864	-1
1710614865	-1
1710614866	-1
1710614867	-1
1710614868	-1
1710614869	-1
1710614870	-1
1710614871	-1
1710614872	-1
1710614873	-1
1710614874	-1
1710614875	-1
1710614876	-1
1710614877	-1
1710614878	-1
1710614879	-1
1710614880	-1
1710614881	-1
1710614882	-1
1710614883	-1
1710614884	-1
1710614885	-1
1710614886	-1
1710614887	-1
1710614888	-1
1710614889	-1
1710614890	-1
1710614891	-1
1710614892	-1
1710614893	-1
1710614894	-1
1710614895	-1
1710614896	-1
1710614897	-1
1710614898	-1
1710614899	-1
1710614900	-1
1710614901	-1
1710614902	6.239
1710614903	6.239
1710614904	-1
1710614905	-1
1710614906	-1
1710614907	-1
1710614908	-1
1710614909	-1
1710614910	-1
1710614911	-1
1710614912	-1
1710614913	-1
1710614914	-1
1710614915	-1
1710614916	-1
1710614917	-1
1710614918	-1
1710614919	-1
1710614920	-1
1710614921	-1
1710614922	-1
1710614923	-1
1710614924	-1
1710614925	-1
1710614926	-1
1710614927	-1
1710614928	-1
1710614929	-1
1710614930	-1
1710614931	-1
1710614932	-1
1710614933	-1
1710614934	-1
1710614935	-1
1710614936	-1
1710614937	-1
1710614938	-1
1710614939	-1
1710614940	-1
1710614941	-1
1710614942	-1
1710614943	-1
1710614944	-1
1710614945	-1
1710614946	-1
1710614947	-1
1710614948	-1
1710614949	-1
1710614950	-1
1710614951	-1
1710614952	-1
1710614953	-1
1710614954	-1
1710614955	-1
1710614956	-1
1710614957	-1
1710614958	-1
1710614959	-1
1710614960	-1
1710614961	-1
1710614962	-1
1710614963	-1
1710614964	-1
1710614965	-1
1710614966	-1
1710614967	-1
1710614968	-1
1710614969	-1
1710614970	-1
1710614971	-1
1710614972	-1
1710614973	-1
1710614974	-1
1710614975	-1
1710614976	-1
1710614977	-1
1710614978	-1
1710614979	-1
1710614980	-1
1710614981	-1
1710614982	-1
1710614983	-1
1710614984	-1
1710614985	-1
1710614986	-1
1710614987	-1
1710614988	-1
1710614989	-1
1710614990	-1
1710614991	-1
1710614992	-1
1710614993	-1
1710614994	-1
1710614995	-1
1710614996	-1
1710614997	-1
1710614998	-1
1710614999	-1
1710615000	-1
1710615001	-1
1710615002	-1
1710615003	-1
1710615004	-1
1710615005	-1
1710615006	-1
1710615007	-1
1710615008	-1
1710615009	-1
1710615010	-1
1710615011	-1
1710615012	-1
1710615013	-1
1710615014	-1
1710615015	-1
1710615016	-1
1710615017	-1
1710615018	-1
1710615019	-1
1710615020	-1
1710615021	-1
1710615022	-1
1710615023	-1
1710615024	-1
1710615025	-1
1710615026	-1
1710615027	-1
1710615028	-1
1710615029	-1
1710615030	-1
1710615031	-1
1710615032	-1
1710615033	-1
1710615034	-1
1710615035	-1
1710615036	-1
1710615037	-1
1710615038	-1
1710615039	-1
1710615040	-1
1710615041	-1
1710615042	-1
1710615043	-1
1710615044	-1
1710615045	-1
1710615046	-1
1710615047	-1
1710615048	-1
1710615049	-1
1710615050	-1
1710615051	-1
1710615052	-1
1710615053	-1
1710615054	-1
1710615055	-1
1710615056	-1
1710615057	-1
1710615058	-1
1710615059	-1
1710615060	-1
1710615061	-1
1710615062	-1
1710615063	-1
1710615064	-1
1710615065	-1
1710615066	-1
1710615067	-1
1710615068	-1
1710615069	-1
1710615070	-1
1710615071	-1
1710615072	-1
1710615073	-1
1710615074	-1
1710615075	-1
1710615076	-1
1710615077	-1
1710615078	-1
1710615079	-1
1710615080	-1
1710615081	-1
1710615082	-1
1710615083	-1
1710615084	-1
1710615085	-1
1710615086	-1
1710615087	-1
1710615088	-1
1710615089	-1
1710615090	-1
1710615091	-1
1710615092	-1
1710615093	-1
1710615094	-1
1710615095	-1
1710615096	-1
1710615097	-1
1710615098	-1
1710615099	-1
1710615100	-1
1710615101	-1
1710615102	-1
1710615103	-1
1710615104	-1
1710615105	-1
1710615106	-1
1710615107	-1
1710615108	-1
1710615109	-1
1710615110	-1
1710615111	-1
1710615112	-1
1710615113	-1
1710615114	-1
1710615115	-1
1710615116	-1
1710615117	-1
1710615118	-1
1710615119	-1
1710615120	-1
1710615121	-1
1710615122	-1
1710615123	-1
1710615124	-1
1710615125	-1
1710615126	-1
1710615127	-1
1710615128	-1
1710615129	-1
1710615130	-1
1710615131	-1
1710615132	-1
1710615133	-1
1710615134	-1
1710615135	-1
1710615136	-1
1710615137	-1
1710615138	-1
1710615139	-1
1710615140	-1
1710615141	-1
1710615142	-1
1710615143	-1
1710615144	-1
1710615145	-1
1710615146	-1
1710615147	-1
1710615148	-1
1710615149	-1
1710615150	-1
1710615151	-1
1710615152	-1
1710615153	-1
1710615154	-1
1710615155	-1
1710615156	-1
1710615157	-1
1710615158	-1
1710615159	-1
1710615160	-1
1710615161	-1
1710615162	-1
1710615163	-1
1710615164	-1
1710615165	-1
1710615166	-1
1710615167	-1
1710615168	-1
1710615169	-1
1710615170	-1
1710615171	-1
1710615172	-1
1710615173	-1
1710615174	-1
1710615175	-1
1710615176	-1
1710615177	-1
1710615178	-1
1710615179	-1
1710615180	-1
1710615181	-1
1710615182	-1
1710615183	-1
1710615184	-1
1710615185	-1
1710615186	-1
1710615187	-1
1710615188	-1
1710615189	-1
1710615190	-1
1710615191	-1
1710615192	-1
1710615193	-1
1710615194	-1
1710615195	-1
1710615196	-1
1710615197	-1
1710615198	-1
1710615199	-1
1710615200	-1
1710615201	-1
1710615202	-1
1710615203	-1
1710615204	-1
1710615205	-1
1710615206	-1
1710615207	-1
1710615208	-1
1710615209	-1
1710615210	-1
1710615211	-1
1710615212	-1
1710615213	-1
1710615214	-1
1710615215	-1
1710615216	-1
1710615217	-1
1710615218	-1
1710615219	-1
1710615220	-1
1710615221	-1
1710615222	-1
1710615223	-1
1710615224	-1
1710615225	-1
1710615226	-1
1710615227	-1
1710615228	-1
1710615229	-1
1710615230	-1
1710615231	-1
1710615232	-1
1710615233	-1
1710615234	-1
1710615235	-1
1710615236	-1
1710615237	-1
1710615238	-1
1710615239	-1
1710615240	-1
1710615241	-1
1710615242	-1
1710615243	-1
1710615244	-1
1710615245	-1
1710615246	-1
1710615247	-1
1710615248	-1
1710615249	-1
1710615250	-1
1710615251	-1
1710615252	-1
1710615253	-1
1710615254	-1
1710615255	-1
1710615256	-1
1710615257	-1
1710615258	-1
1710615259	-1
1710615260	-1
1710615261	-1
1710615262	-1
1710615263	-1
1710615264	-1
1710615265	-1
1710615266	-1
1710615267	-1
1710615268	-1
1710615269	-1
1710615270	-1
1710615271	-1
1710615272	-1
1710615273	-1
1710615274	-1
1710615275	-1
1710615276	-1
1710615277	-1
1710615278	-1
1710615279	-1
1710615280	-1
1710615281	-1
1710615282	-1
1710615283	-1
1710615284	-1
1710615285	-1
1710615286	-1
1710615287	-1
1710615288	-1
1710615289	-1
1710615290	-1
1710615291	-1
1710615292	-1
1710615293	-1
1710615294	-1
1710615295	-1
1710615296	-1
1710615297	-1
1710615298	-1
1710615299	-1
1710615300	-1
1710615301	-1
1710615302	-1
1710615303	-1
1710615304	-1
1710615305	-1
1710615306	-1
1710615307	-1
1710615308	-1
1710615309	-1
1710615310	-1
1710615311	-1
1710615312	-1
1710615313	-1
1710615314	-1
1710615315	-1
1710615316	-1
1710615317	-1
1710615318	-1
1710615319	-1
1710615320	-1
1710615321	-1
1710615322	-1
1710615323	-1
1710615324	-1
1710615325	-1
1710615326	-1
1710615327	-1
1710615328	-1
1710615329	-1
1710615330	-1
1710615331	-1
1710615332	-1
1710615333	-1
1710615334	-1
1710615335	-1
1710615336	-1
1710615337	-1
1710615338	-1
1710615339	-1
1710615340	-1
1710615341	-1
1710615342	-1
1710615343	-1
1710615344	-1
1710615345	-1
1710615346	-1
1710615347	-1
1710615348	-1
1710615349	-1
1710615350	-1
1710615351	-1
1710615352	-1
1710615353	-1
1710615354	-1
1710615355	-1
1710615356	-1
1710615357	-1
1710615358	-1
1710615359	-1
1710615360	-1
1710615361	-1
1710615362	-1
1710615363	-1
1710615364	-1
1710615365	-1
1710615366	-1
1710615367	-1
1710615368	-1
1710615369	-1
1710615370	-1
1710615371	-1
1710615372	-1
1710615373	-1
1710615374	-1
1710615375	-1
1710615376	-1
1710615377	-1
1710615378	-1
1710615379	-1
1710615380	-1
1710615381	-1
1710615382	-1
1710615383	-1
1710615384	-1
1710615385	-1
1710615386	-1
1710615387	-1
1710615388	-1
1710615389	-1
1710615390	-1
1710615391	-1
1710615392	-1
1710615393	-1
1710615394	-1
1710615395	-1
1710615396	-1
1710615397	-1
1710615398	-1
1710615399	-1
1710615400	-1
1710615401	-1
1710615402	-1
1710615403	-1
1710615404	-1
1710615405	-1
1710615406	-1
1710615407	-1
1710615408	-1
1710615409	-1
1710615410	-1
1710615411	-1
1710615412	-1
1710615413	-1
1710615414	-1
1710615415	-1
1710615416	-1
1710615417	-1
1710615418	-1
1710615419	-1
1710615420	-1
1710615421	-1
1710615422	-1
1710615423	-1
1710615424	-1
1710615425	-1
1710615426	-1
1710615427	-1
1710615428	-1
1710615429	-1
1710615430	-1
1710615431	-1
1710615432	-1
1710615433	-1
1710615434	-1
1710615435	-1
1710615436	-1
1710615437	-1
1710615438	-1
1710615439	-1
1710615440	-1
1710615441	-1
1710615442	-1
1710615443	-1
1710615444	-1
1710615445	-1
1710615446	-1
1710615447	-1
1710615448	-1
1710615449	-1
1710615450	-1
1710615451	-1
1710615452	-1
1710615453	-1
1710615454	-1
1710615455	-1
1710615456	-1
1710615457	-1
1710615458	-1
1710615459	-1
1710615460	-1
1710615461	-1
1710615462	-1
1710615463	-1
1710615464	-1
1710615465	-1
1710615466	-1
1710615467	-1
1710615468	-1
1710615469	-1
1710615470	-1
1710615471	-1
1710615472	-1
1710615473	-1
1710615474	-1
1710615475	-1
1710615476	-1
1710615477	-1
1710615478	-1
1710615479	-1
1710615480	-1
1710615481	-1
1710615482	-1
1710615483	-1
1710615484	-1
1710615485	-1
1710615486	-1
1710615487	-1
1710615488	-1
1710615489	-1
1710615490	-1
1710615491	-1
1710615492	-1
1710615493	-1
1710615494	-1
1710615495	-1
1710615496	-1
1710615497	-1
1710615498	-1
1710615499	-1
1710615500	-1
1710615501	-1
1710615502	-1
1710615503	-1
1710615504	-1
1710615505	-1
1710615506	-1
1710615507	-1
1710615508	-1
1710615509	-1
1710615510	-1
1710615511	-1
1710615512	-1
1710615513	-1
1710615514	-1
1710615515	-1
1710615516	-1
1710615517	-1
1710615518	-1
1710615519	-1
1710615520	-1
1710615521	-1
1710615522	-1
1710615523	-1
1710615524	-1
1710615525	-1
1710615526	-1
1710615527	-1
1710615528	-1
1710615529	-1
1710615530	-1
1710615531	-1
1710615532	-1
1710615533	-1
1710615534	-1
1710615535	-1
1710615536	-1
1710615537	-1
1710615538	-1
1710615539	-1
1710615540	-1
1710615541	-1
1710615542	-1
1710615543	-1
1710615544	-1
1710615545	-1
1710615546	-1
1710615547	-1
1710615548	-1
1710615549	-1
1710615550	-1
1710615551	-1
1710615552	-1
1710615553	-1
1710615554	-1
1710615555	-1
1710615556	-1
1710615557	-1
1710615558	-1
1710615559	-1
1710615560	-1
1710615561	-1
1710615562	-1
1710615563	-1
1710615564	-1
1710615565	-1
1710615566	-1
1710615567	-1
1710615568	-1
1710615569	-1
1710615570	-1
1710615571	-1
1710615572	-1
1710615573	-1
1710615574	-1
1710615575	-1
1710615576	-1
1710615577	-1
1710615578	-1
1710615579	-1
1710615580	-1
1710615581	-1
1710615582	-1
1710615583	-1
1710615584	-1
1710615585	-1
1710615586	-1
1710615587	-1
1710615588	-1
1710615589	-1
1710615590	-1
1710615591	-1
1710615592	-1
1710615593	-1
1710615594	-1
1710615595	-1
1710615596	-1
1710615597	-1
1710615598	-1
1710615599	-1
1710615600	-1
1710615601	-1
1710615602	-1
1710615603	-1
1710615604	-1
1710615605	-1
1710615606	-1
1710615607	-1
1710615608	-1
1710615609	-1
1710615610	-1
1710615611	-1
1710615612	-1
1710615613	-1
1710615614	-1
1710615615	-1
1710615616	-1
1710615617	-1
1710615618	-1
1710615619	-1
1710615620	-1
1710615621	-1
1710615622	-1
1710615623	-1
1710615624	-1
1710615625	-1
1710615626	-1
1710615627	-1
1710615628	-1
1710615629	-1
1710615630	-1
1710615631	-1
1710615632	-1
1710615633	-1
1710615634	-1
1710615635	-1
1710615636	-1
1710615637	-1
1710615638	-1
1710615639	-1
1710615640	-1
1710615641	-1
1710615642	-1
1710615643	-1
1710615644	-1
1710615645	-1
1710615646	-1
1710615647	-1
1710615648	-1
1710615649	-1
1710615650	-1
1710615651	-1
1710615652	-1
1710615653	-1
1710615654	-1
1710615655	-1
1710615656	-1
1710615657	-1
1710615658	-1
1710615659	-1
1710615660	-1
1710615661	-1
1710615662	-1
1710615663	-1
1710615664	-1
1710615665	-1
1710615666	-1
1710615667	-1
1710615668	-1
1710615669	-1
1710615670	-1
1710615671	-1
1710615672	-1
1710615673	-1
1710615674	-1
1710615675	-1
1710615676	-1
1710615677	-1
1710615678	-1
1710615679	-1
1710615680	-1
1710615681	-1
1710615682	-1
1710615683	-1
1710615684	-1
1710615685	-1
1710615686	-1
1710615687	-1
1710615688	-1
1710615689	-1
1710615690	-1
1710615691	-1
1710615692	-1
1710615693	-1
1710615694	-1
1710615695	-1
1710615696	-1
1710615697	-1
1710615698	-1
1710615699	-1
1710615700	-1
1710615701	-1
1710615702	-1
1710615703	-1
1710615704	-1
1710615705	-1
1710615706	-1
1710615707	-1
1710615708	-1
1710615709	-1
1710615710	-1
1710615711	-1
1710615712	-1
1710615713	-1
1710615714	-1
1710615715	-1
1710615716	-1
1710615717	-1
1710615718	-1
1710615719	-1
1710615720	-1
1710615721	-1
1710615722	-1
1710615723	-1
1710615724	-1
1710615725	-1
1710615726	-1
1710615727	-1
1710615728	-1
1710615729	-1
1710615730	-1
1710615731	-1
1710615732	-1
1710615733	-1
1710615734	-1
1710615735	-1
1710615736	-1
1710615737	-1
1710615738	-1
1710615739	-1
1710615740	-1
1710615741	-1
1710615742	-1
1710615743	-1
1710615744	-1
1710615745	-1
1710615746	-1
1710615747	-1
1710615748	-1
1710615749	-1
1710615750	-1
1710615751	-1
1710615752	-1
1710615753	-1
1710615754	-1
1710615755	-1
1710615756	-1
1710615757	-1
1710615758	-1
1710615759	-1
1710615760	-1
1710615761	-1
1710615762	-1
1710615763	-1
1710615764	-1
1710615765	-1
1710615766	-1
1710615767	-1
1710615768	-1
1710615769	-1
1710615770	-1
1710615771	-1
1710615772	-1
1710615773	-1
1710615774	-1
1710615775	-1
1710615776	-1
1710615777	-1
1710615778	-1
1710615779	-1
1710615780	-1
1710615781	-1
1710615782	-1
1710615783	-1
1710615784	-1
1710615785	-1
1710615786	-1
1710615787	-1
1710615788	-1
1710615789	-1
1710615790	-1
1710615791	-1
1710615792	-1
1710615793	-1
1710615794	-1
1710615795	-1
1710615796	-1
1710615797	-1
1710615798	-1
1710615799	-1
1710615800	-1
1710615801	-1
1710615802	-1
1710615803	-1
1710615804	-1
1710615805	-1
1710615806	-1
1710615807	-1
1710615808	-1
1710615809	-1
1710615810	-1
1710615811	-1
1710615812	-1
1710615813	-1
1710615814	-1
1710615815	-1
1710615816	-1
1710615817	-1
1710615818	-1
1710615819	-1
1710615820	-1
1710615821	-1
1710615822	-1
1710615823	-1
1710615824	-1
1710615825	-1
1710615826	-1
1710615827	-1
1710615828	-1
1710615829	-1
1710615830	-1
1710615831	-1
1710615832	-1
1710615833	-1
1710615834	-1
1710615835	-1
1710615836	-1
1710615837	-1
1710615838	-1
1710615839	-1
1710615840	-1
1710615841	-1
1710615842	-1
1710615843	-1
1710615844	-1
1710615845	-1
1710615846	-1
1710615847	-1
1710615848	-1
1710615849	-1
1710615850	-1
1710615851	-1
1710615852	-1
1710615853	-1
1710615854	-1
1710615855	-1
1710615856	-1
1710615857	-1
1710615858	-1
1710615859	-1
1710615860	-1
1710615861	-1
1710615862	-1
1710615863	-1
1710615864	-1
1710615865	-1
1710615866	-1
1710615867	-1
1710615868	-1
1710615869	-1
1710615870	-1
1710615871	-1
1710615872	-1
1710615873	-1
1710615874	-1
1710615875	-1
1710615876	-1
1710615877	-1
1710615878	-1
1710615879	-1
1710615880	-1
1710615881	-1
1710615882	-1
1710615883	-1
1710615884	-1
1710615885	-1
1710615886	-1
1710615887	-1
1710615888	-1
1710615889	-1
1710615890	-1
1710615891	-1
1710615892	-1
1710615893	-1
1710615894	-1
1710615895	-1
1710615896	-1
1710615897	-1
1710615898	-1
1710615899	-1
1710615900	-1
1710615901	-1
1710615902	-1
1710615903	-1
1710615904	-1
1710615905	-1
1710615906	-1
1710615907	-1
1710615908	-1
1710615909	-1
1710615910	-1
1710615911	-1
1710615912	-1
1710615913	-1
1710615914	-1
1710615915	-1
1710615916	-1
1710615917	-1
1710615918	-1
1710615919	-1
1710615920	-1
1710615921	-1
1710615922	-1
1710615923	-1
1710615924	-1
1710615925	-1
1710615926	-1
1710615927	-1
1710615928	-1
1710615929	-1
1710615930	-1
1710615931	-1
1710615932	-1
1710615933	-1
1710615934	-1
1710615935	-1
1710615936	-1
1710615937	-1
1710615938	-1
1710615939	-1
1710615940	-1
1710615941	-1
1710615942	-1
1710615943	-1
1710615944	-1
1710615945	-1
1710615946	-1
1710615947	-1
1710615948	-1
1710615949	-1
1710615950	-1
1710615951	-1
1710615952	-1
1710615953	-1
1710615954	-1
1710615955	-1
1710615956	-1
1710615957	-1
1710615958	-1
1710615959	-1
1710615960	-1
1710615961	-1
1710615962	-1
1710615963	-1
1710615964	-1
1710615965	-1
1710615966	-1
1710615967	-1
1710615968	-1
1710615969	-1
1710615970	-1
1710615971	-1
1710615972	-1
1710615973	-1
1710615974	-1
1710615975	-1
1710615976	-1
1710615977	-1
1710615978	-1
1710615979	-1
1710615980	-1
1710615981	-1
1710615982	-1
1710615983	-1
1710615984	-1
1710615985	-1
1710615986	-1
1710615987	-1
1710615988	-1
1710615989	-1
1710615990	-1
1710615991	-1
1710615992	-1
1710615993	-1
1710615994	-1
1710615995	-1
1710615996	-1
1710615997	-1
1710615998	-1
1710615999	-1
1710616000	-1
1710616001	-1
1710616002	-1
1710616003	-1
1710616004	-1
1710616005	-1
1710616006	-1
1710616007	-1
1710616008	-1
1710616009	-1
1710616010	-1
1710616011	-1
1710616012	-1
1710616013	-1
1710616014	-1
1710616015	-1
1710616016	-1
1710616017	-1
1710616018	-1
1710616019	-1
1710616020	-1
1710616021	-1
1710616022	-1
1710616023	-1
1710616024	-1
1710616025	-1
1710616026	-1
1710616027	-1
1710616028	-1
1710616029	-1
1710616030	-1
1710616031	-1
1710616032	-1
1710616033	-1
1710616034	-1
1710616035	-1
1710616036	-1
1710616037	-1
1710616038	-1
1710616039	-1
1710616040	-1
1710616041	-1
1710616042	-1
1710616043	-1
1710616044	-1
1710616045	-1
1710616046	-1
1710616047	-1
1710616048	-1
1710616049	-1
1710616050	-1
1710616051	-1
1710616052	-1
1710616053	-1
1710616054	-1
1710616055	-1
1710616056	-1
1710616057	-1
1710616058	-1
1710616059	-1
1710616060	-1
1710616061	-1
1710616062	-1
1710616063	-1
1710616064	-1
1710616065	-1
1710616066	-1
1710616067	-1
1710616068	-1
1710616069	-1
1710616070	-1
1710616071	-1
1710616072	-1
1710616073	-1
1710616074	-1
1710616075	-1
1710616076	-1
1710616077	-1
1710616078	-1
1710616079	-1
1710616080	-1
1710616081	-1
1710616082	-1
1710616083	-1
1710616084	-1
1710616085	-1
1710616086	-1
1710616087	-1
1710616088	-1
1710616089	-1
1710616090	-1
1710616091	-1
1710616092	-1
1710616093	-1
1710616094	-1
1710616095	-1
1710616096	-1
1710616097	-1
1710616098	-1
1710616099	-1
1710616100	-1
1710616101	-1
1710616102	-1
1710616103	-1
1710616104	-1
1710616105	5.311
1710616106	5.311
1710616107	5.128
1710616108	5.128
1710616109	5.199
1710616110	5.943
1710616111	5.386
1710616112	5.353
1710616113	5.33
1710616114	5.231
1710616115	5.231
1710616116	6.065
1710616117	-1
1710616118	-1
1710616119	-1
1710616120	-1
1710616121	-1
1710616122	-1
1710616123	-1
1710616124	-1
1710616125	-1
1710616126	-1
1710616127	-1
1710616128	-1
1710616129	-1
1710616130	-1
1710616131	-1
1710616132	-1
1710616133	-1
1710616134	-1
1710616135	-1
1710616136	-1
1710616137	-1
1710616138	-1
1710616139	-1
1710616140	-1
1710616141	-1
1710616142	-1
1710616143	-1
1710616144	-1
1710616145	-1
1710616146	3.217
1710616147	3.217
1710616148	4.36
1710616149	4.36
1710616150	4.945
1710616151	5.231
1710616152	5.231
1710616153	-1
1710616154	-1
1710616155	-1
1710616156	-1
1710616157	-1
1710616158	-1
1710616159	-1
1710616160	-1
1710616161	-1
1710616162	-1
1710616163	-1
1710616164	3.802
1710616165	3.802
1710616166	5.091
1710616167	5.03
1710616168	5.03
1710616169	5.081
1710616170	5.072
1710616171	5.034
1710616172	5.034
1710616173	5.33
1710616174	5.33
1710616175	5.339
1710616176	4.693
1710616177	4.693
1710616178	5.358
1710616179	-1
1710616180	-1
1710616181	-1
1710616182	-1
1710616183	5.189
1710616184	5.189
1710616185	-1
1710616186	-1
1710616187	5.447
1710616188	5.447
1710616189	-1
1710616190	-1
1710616191	5.414
1710616192	5.414
1710616193	-1
1710616194	-1
1710616195	-1
1710616196	-1
1710616197	5.461
1710616198	5.461
1710616199	-1
1710616200	5.039
1710616201	4.829
1710616202	4.8
1710616203	4.8
1710616204	4.8
1710616205	4.894
1710616206	5.156
1710616207	-1
1710616208	-1
1710616209	-1
1710616210	5.662
1710616211	5.662
1710616212	4.908
1710616213	4.674
1710616214	4.402
1710616215	4.402
1710616216	4.538
1710616217	4.987
1710616218	4.987
1710616219	5.353
1710616220	-1
1710616221	-1
1710616222	-1
1710616223	-1
1710616224	-1
1710616225	-1
1710616226	-1
1710616227	-1
1710616228	-1
1710616229	-1
1710616230	-1
1710616231	-1
1710616232	-1
1710616233	-1
1710616234	-1
1710616235	-1
1710616236	-1
1710616237	-1
1710616238	-1
1710616239	-1
1710616240	-1
1710616241	-1
1710616242	-1
1710616243	-1
1710616244	-1
1710616245	-1
1710616246	-1
1710616247	-1
1710616248	-1
1710616249	-1
1710616250	-1
1710616251	-1
1710616252	-1
1710616253	-1
1710616254	-1
1710616255	-1
1710616256	-1
1710616257	-1
1710616258	-1
1710616259	-1
1710616260	-1
1710616261	-1
1710616262	-1
1710616263	-1
1710616264	-1
1710616265	-1
1710616266	-1
1710616267	-1
1710616268	-1
1710616269	-1
1710616270	-1
1710616271	-1
1710616272	-1
1710616273	-1
1710616274	-1
1710616275	-1
1710616276	-1
1710616277	-1
1710616278	-1
1710616279	-1
1710616280	-1
1710616281	-1
1710616282	-1
1710616283	-1
1710616284	-1
1710616285	-1
1710616286	-1
1710616287	-1
1710616288	-1
1710616289	-1
1710616290	-1
1710616291	-1
1710616292	-1
1710616293	-1
1710616294	-1
1710616295	-1
1710616296	-1
1710616297	-1
1710616298	-1
1710616299	-1
1710616300	-1
1710616301	-1
1710616302	-1
1710616303	-1
1710616304	-1
1710616305	-1
1710616306	-1
1710616307	-1
1710616308	-1
1710616309	-1
1710616310	-1
1710616311	-1
1710616312	-1
1710616313	-1
1710616314	-1
1710616315	-1
1710616316	-1
1710616317	-1
1710616318	-1
1710616319	-1
1710616320	-1
1710616321	-1
1710616322	-1
1710616323	-1
1710616324	-1
1710616325	-1
1710616326	-1
1710616327	-1
1710616328	-1
1710616329	-1
1710616330	-1
1710616331	-1
1710616332	-1
1710616333	-1
1710616334	-1
1710616335	-1
1710616336	-1
1710616337	-1
1710616338	-1
1710616339	-1
1710616340	-1
1710616341	-1
1710616342	-1
1710616343	-1
1710616344	-1
1710616345	-1
1710616346	-1
1710616347	-1
1710616348	-1
1710616349	-1
1710616350	-1
1710616351	-1
1710616352	-1
1710616353	-1
1710616354	-1
1710616355	-1
1710616356	-1
1710616357	-1
1710616358	-1
1710616359	-1
1710616360	-1
1710616361	-1
1710616362	-1
1710616363	-1
1710616364	-1
1710616365	-1
1710616366	-1
1710616367	-1
1710616368	-1
1710616369	-1
1710616370	-1
1710616371	-1
1710616372	-1
1710616373	-1
1710616374	-1
1710616375	-1
1710616376	-1
1710616377	-1
1710616378	-1
1710616379	-1
1710616380	-1
1710616381	-1
1710616382	-1
1710616383	-1
1710616384	-1
1710616385	-1
1710616386	-1
1710616387	-1
1710616388	-1
1710616389	-1
1710616390	-1
1710616391	-1
1710616392	-1
1710616393	-1
1710616394	-1
1710616395	-1
1710616396	-1
1710616397	-1
1710616398	-1
1710616399	-1
1710616400	-1
1710616401	-1
1710616402	-1
1710616403	-1
1710616404	-1
1710616405	-1
1710616406	-1
1710616407	-1
1710616408	-1
1710616409	-1
1710616410	-1
1710616411	-1
1710616412	-1
1710616413	-1
1710616414	-1
1710616415	-1
1710616416	-1
1710616417	-1
1710616418	-1
1710616419	-1
1710616420	-1
1710616421	-1
1710616422	-1
1710616423	-1
1710616424	-1
1710616425	-1
1710616426	-1
1710616427	-1
1710616428	-1
1710616429	-1
1710616430	-1
1710616431	-1
1710616432	-1
1710616433	-1
1710616434	-1
1710616435	-1
1710616436	-1
1710616437	-1
1710616438	-1
1710616439	-1
1710616440	-1
1710616441	-1
1710616442	-1
1710616443	-1
1710616444	-1
1710616445	-1
1710616446	-1
1710616447	-1
1710616448	-1
1710616449	-1
1710616450	-1
1710616451	-1
1710616452	-1
1710616453	-1
1710616454	-1
1710616455	-1
1710616456	-1
1710616457	-1
1710616458	-1
1710616459	-1
1710616460	-1
1710616461	-1
1710616462	-1
1710616463	-1
1710616464	-1
1710616465	-1
1710616466	-1
1710616467	-1
1710616468	-1
1710616469	-1
1710616470	-1
1710616471	-1
1710616472	-1
1710616473	-1
1710616474	-1
1710616475	-1
1710616476	-1
1710616477	-1
1710616478	-1
1710616479	-1
1710616480	-1
1710616481	-1
1710616482	-1
1710616483	-1
1710616484	-1
1710616485	-1
1710616486	-1
1710616487	-1
1710616488	-1
1710616489	-1
1710616490	-1
1710616491	-1
1710616492	-1
1710616493	-1
1710616494	-1
1710616495	-1
1710616496	-1
1710616497	-1
1710616498	-1
1710616499	-1
1710616500	-1
1710616501	-1
1710616502	-1
1710616503	-1
1710616504	-1
1710616505	-1
1710616506	-1
1710616507	-1
1710616508	-1
1710616509	-1
1710616510	-1
1710616511	-1
1710616512	-1
1710616513	-1
1710616514	-1
1710616515	-1
1710616516	-1
1710616517	-1
1710616518	-1
1710616519	-1
1710616520	-1
1710616521	-1
1710616522	-1
1710616523	-1
1710616524	-1
1710616525	-1
1710616526	-1
1710616527	-1
1710616528	-1
1710616529	-1
1710616530	-1
1710616531	-1
1710616532	-1
1710616533	-1
1710616534	-1
1710616535	-1
1710616536	-1
1710616537	-1
1710616538	-1
1710616539	-1
1710616540	-1
1710616541	-1
1710616542	-1
1710616543	-1
1710616544	-1
1710616545	-1
1710616546	-1
1710616547	-1
1710616548	-1
1710616549	-1
1710616550	-1
1710616551	-1
1710616552	-1
1710616553	-1
1710616554	-1
1710616555	-1
1710616556	-1
1710616557	-1
1710616558	-1
1710616559	-1
1710616560	-1
1710616561	-1
1710616562	-1
1710616563	-1
1710616564	-1
1710616565	-1
1710616566	-1
1710616567	-1
1710616568	-1
1710616569	-1
1710616570	-1
1710616571	-1
1710616572	-1
1710616573	-1
1710616574	-1
1710616575	-1
1710616576	-1
1710616577	-1
1710616578	-1
1710616579	-1
1710616580	-1
1710616581	-1
1710616582	-1
1710616583	-1
1710616584	-1
1710616585	-1
1710616586	-1
1710616587	-1
1710616588	-1
1710616589	-1
1710616590	-1
1710616591	-1
1710616592	-1
1710616593	-1
1710616594	-1
1710616595	-1
1710616596	-1
1710616597	-1
1710616598	-1
1710616599	-1
1710616600	-1
1710616601	-1
1710616602	-1
1710616603	-1
1710616604	-1
1710616605	-1
1710616606	-1
1710616607	-1
1710616608	-1
1710616609	-1
1710616610	-1
1710616611	-1
1710616612	-1
1710616613	-1
1710616614	-1
1710616615	-1
1710616616	-1
1710616617	-1
1710616618	-1
1710616619	-1
1710616620	-1
1710616621	-1
1710616622	-1
1710616623	-1
1710616624	-1
1710616625	-1
1710616626	-1
1710616627	-1
1710616628	-1
1710616629	-1
1710616630	-1
1710616631	-1
1710616632	-1
1710616633	-1
1710616634	-1
1710616635	-1
1710616636	-1
1710616637	-1
1710616638	-1
1710616639	-1
1710616640	-1
1710616641	-1
1710616642	-1
1710616643	-1
1710616644	-1
1710616645	-1
1710616646	-1
1710616647	-1
1710616648	-1
1710616649	-1
1710616650	-1
1710616651	-1
1710616652	-1
1710616653	-1
1710616654	-1
1710616655	-1
1710616656	-1
1710616657	-1
1710616658	-1
1710616659	-1
1710616660	-1
1710616661	-1
1710616662	-1
1710616663	-1
1710616664	-1
1710616665	-1
1710616666	-1
1710616667	-1
1710616668	-1
1710616669	-1
1710616670	-1
1710616671	-1
1710616672	-1
1710616673	-1
1710616674	-1
1710616675	-1
1710616676	-1
1710616677	-1
1710616678	-1
1710616679	-1
1710616680	-1
1710616681	-1
1710616682	-1
1710616683	-1
1710616684	-1
1710616685	-1
1710616686	-1
1710616687	-1
1710616688	-1
1710616689	-1
1710616690	-1
1710616691	-1
1710616692	-1
1710616693	-1
1710616694	-1
1710616695	-1
1710616696	-1
1710616697	-1
1710616698	-1
1710616699	-1
1710616700	-1
1710616701	-1
1710616702	-1
1710616703	-1
1710616704	-1
1710616705	-1
1710616706	-1
1710616707	-1
1710616708	-1
1710616709	-1
1710616710	-1
1710616711	-1
1710616712	-1
1710616713	-1
1710616714	-1
1710616715	-1
1710616716	-1
1710616717	-1
1710616718	-1
1710616719	-1
1710616720	-1
1710616721	-1
1710616722	-1
1710616723	-1
1710616724	-1
1710616725	-1
1710616726	-1
1710616727	-1
1710616728	-1
1710616729	-1
1710616730	-1
1710616731	-1
1710616732	-1
1710616733	-1
1710616734	-1
1710616735	-1
1710616736	-1
1710616737	-1
1710616738	-1
1710616739	-1
1710616740	-1
1710616741	-1
1710616742	-1
1710616743	-1
1710616744	-1
1710616745	-1
1710616746	-1
1710616747	-1
1710616748	-1
1710616749	-1
1710616750	-1
1710616751	-1
1710616752	-1
1710616753	-1
1710616754	-1
1710616755	-1
1710616756	-1
1710616757	-1
1710616758	-1
1710616759	-1
1710616760	-1
1710616761	-1
1710616762	-1
1710616763	-1
1710616764	-1
1710616765	-1
1710616766	-1
1710616767	-1
1710616768	-1
1710616769	-1
1710616770	-1
1710616771	-1
1710616772	-1
1710616773	-1
1710616774	-1
1710616775	-1
1710616776	-1
1710616777	-1
1710616778	-1
1710616779	-1
1710616780	-1
1710616781	-1
1710616782	-1
1710616783	-1
1710616784	-1
1710616785	-1
1710616786	-1
1710616787	-1
1710616788	-1
1710616789	-1
1710616790	-1
1710616791	-1
1710616792	-1
1710616793	-1
1710616794	-1
1710616795	-1
1710616796	-1
1710616797	-1
1710616798	-1
1710616799	-1
1710616800	-1
1710616801	-1
1710616802	-1
1710616803	-1
1710616804	-1
1710616805	-1
1710616806	-1
1710616807	-1
1710616808	-1
1710616809	-1
1710616810	-1
1710616811	-1
1710616812	-1
1710616813	-1
1710616814	-1
1710616815	-1
1710616816	-1
1710616817	-1
1710616818	-1
1710616819	-1
1710616820	-1
1710616821	-1
1710616822	-1
1710616823	-1
1710616824	-1
1710616825	-1
1710616826	-1
1710616827	-1
1710616828	-1
1710616829	-1
1710616830	-1
1710616831	-1
1710616832	-1
1710616833	-1
1710616834	-1
1710616835	-1
1710616836	-1
1710616837	-1
1710616838	-1
1710616839	-1
1710616840	-1
1710616841	-1
1710616842	-1
1710616843	-1
1710616844	-1
1710616845	-1
1710616846	-1
1710616847	-1
1710616848	-1
1710616849	-1
1710616850	-1
1710616851	-1
1710616852	-1
1710616853	-1
1710616854	-1
1710616855	-1
1710616856	-1
1710616857	-1
1710616858	-1
1710616859	-1
1710616860	-1
1710616861	-1
1710616862	-1
1710616863	-1
1710616864	-1
1710616865	-1
1710616866	-1
1710616867	-1
1710616868	-1
1710616869	-1
1710616870	-1
1710616871	-1
1710616872	-1
1710616873	-1
1710616874	-1
1710616875	-1
1710616876	-1
1710616877	-1
1710616878	-1
1710616879	-1
1710616880	-1
1710616881	-1
1710616882	-1
1710616883	-1
1710616884	-1
1710616885	-1
1710616886	-1
1710616887	-1
1710616888	-1
1710616889	-1
1710616890	-1
1710616891	-1
1710616892	-1
1710616893	-1
1710616894	-1
1710616895	-1
1710616896	-1
1710616897	-1
1710616898	-1
1710616899	-1
1710616900	-1
1710616901	-1
1710616902	-1
1710616903	-1
1710616904	-1
1710616905	-1
1710616906	-1
1710616907	-1
1710616908	-1
1710616909	-1
1710616910	-1
1710616911	-1
1710616912	-1
1710616913	-1
1710616914	-1
1710616915	-1
1710616916	-1
1710616917	-1
1710616918	-1
1710616919	-1
1710616920	-1
1710616921	-1
1710616922	5.335
1710616923	5.335
1710616924	5.152
1710616925	5.006
1710616926	5.006
1710616927	5.222
1710616928	5.203
1710616929	5.203
1710616930	-1
1710616931	-1
1710616932	-1
1710616933	-1
1710616934	5.358
1710616935	5.358
1710616936	-1
1710616937	-1
1710616938	5.344
1710616939	5.344
1710616940	-1
1710616941	-1
1710616942	-1
1710616943	5.316
1710616944	5.316
1710616945	5.371
1710616946	4.884
1710616947	4.884
1710616948	5.17
1710616949	4.884
1710616950	4.884
1710616951	-1
1710616952	-1
1710616953	-1
1710616954	5.274
1710616955	5.274
1710616956	-1
1710616957	-1
1710616958	-1
1710616959	-1
1710616960	-1
1710616961	-1
1710616962	-1
1710616963	-1
1710616964	-1
1710616965	-1
1710616966	-1
1710616967	-1
1710616968	-1
1710616969	-1
1710616970	-1
1710616971	-1
1710616972	-1
1710616973	-1
1710616974	-1
1710616975	-1
1710616976	-1
1710616977	-1
1710616978	-1
1710616979	-1
1710616980	-1
1710616981	-1
1710616982	-1
1710616983	-1
1710616984	-1
1710616985	-1
1710616986	-1
1710616987	-1
1710616988	-1
1710616989	-1
1710616990	-1
1710616991	-1
1710616992	-1
1710616993	-1
1710616994	-1
1710616995	-1
1710616996	-1
1710616997	-1
1710616998	-1
1710616999	-1
1710617000	-1
1710617001	-1
1710617002	-1
1710617003	-1
1710617004	-1
1710617005	-1
1710617006	-1
1710617007	-1
1710617008	-1
1710617009	-1
1710617010	-1
1710617011	-1
1710617012	-1
1710617013	-1
1710617014	-1
1710617015	-1
1710617016	-1
1710617017	-1
1710617018	-1
1710617019	-1
1710617020	-1
1710617021	-1
1710617022	-1
1710617023	-1
1710617024	-1
1710617025	-1
1710617026	-1
1710617027	-1
1710617028	-1
1710617029	-1
1710617030	-1
1710617031	-1
1710617032	-1
1710617033	-1
1710617034	-1
1710617035	-1
1710617036	-1
1710617037	-1
1710617038	-1
1710617039	-1
1710617040	-1
1710617041	-1
1710617042	-1
1710617043	-1
1710617044	-1
1710617045	-1
1710617046	-1
1710617047	-1
1710617048	-1
1710617049	-1
1710617050	-1
1710617051	-1
1710617052	-1
1710617053	-1
1710617054	-1
1710617055	-1
1710617056	-1
1710617057	-1
1710617058	-1
1710617059	-1
1710617060	-1
1710617061	-1
1710617062	-1
1710617063	-1
1710617064	-1
1710617065	-1
1710617066	-1
1710617067	-1
1710617068	-1
1710617069	-1
1710617070	-1
1710617071	-1
1710617072	-1
1710617073	-1
1710617074	-1
1710617075	-1
1710617076	-1
1710617077	-1
1710617078	-1
1710617079	-1
1710617080	-1
1710617081	-1
1710617082	-1
1710617083	-1
1710617084	-1
1710617085	-1
1710617086	-1
1710617087	-1
1710617088	-1
1710617089	-1
1710617090	-1
1710617091	-1
1710617092	-1
1710617093	-1
1710617094	-1
1710617095	-1
1710617096	-1
1710617097	-1
1710617098	-1
1710617099	-1
1710617100	-1
1710617101	-1
1710617102	-1
1710617103	-1
1710617104	-1
1710617105	-1
1710617106	-1
1710617107	-1
1710617108	-1
1710617109	-1
1710617110	-1
1710617111	-1
1710617112	-1
1710617113	-1
1710617114	-1
1710617115	-1
1710617116	-1
1710617117	-1
1710617118	-1
1710617119	-1
1710617120	-1
1710617121	-1
1710617122	-1
1710617123	-1
1710617124	-1
1710617125	-1
1710617126	-1
1710617127	-1
1710617128	-1
1710617129	-1
1710617130	-1
1710617131	-1
1710617132	-1
1710617133	-1
1710617134	-1
1710617135	-1
1710617136	-1
1710617137	-1
1710617138	-1
1710617139	-1
1710617140	-1
1710617141	-1
1710617142	-1
1710617143	-1
1710617144	-1
1710617145	-1
1710617146	-1
1710617147	-1
1710617148	-1
1710617149	-1
1710617150	-1
1710617151	-1
1710617152	-1
1710617153	-1
1710617154	-1
1710617155	-1
1710617156	-1
1710617157	-1
1710617158	-1
1710617159	-1
1710617160	-1
1710617161	-1
1710617162	-1
1710617163	-1
1710617164	-1
1710617165	-1
1710617166	-1
1710617167	-1
1710617168	-1
1710617169	-1
1710617170	-1
1710617171	-1
1710617172	-1
1710617173	-1
1710617174	-1
1710617175	-1
1710617176	-1
1710617177	-1
1710617178	-1
1710617179	-1
1710617180	-1
1710617181	-1
1710617182	-1
1710617183	-1
1710617184	-1
1710617185	-1
1710617186	-1
1710617187	-1
1710617188	-1
1710617189	-1
1710617190	-1
1710617191	-1
1710617192	-1
1710617193	-1
1710617194	-1
