1710613804	2024-03-16 19:30:04	off
1710613868	2024-03-16 19:31:08	on
1710613869	2024-03-16 19:31:09	off
1710613892	2024-03-16 19:31:32	on
1710613893	2024-03-16 19:31:33	off
1710613914	2024-03-16 19:31:54	on
1710613916	2024-03-16 19:31:56	off
1710613930	2024-03-16 19:32:10	on
1710614012	2024-03-16 19:33:32	off
1710614042	2024-03-16 19:34:02	on
1710614044	2024-03-16 19:34:04	off
1710614060	2024-03-16 19:34:20	on
1710614063	2024-03-16 19:34:23	off
1710614092	2024-03-16 19:34:52	on
1710614093	2024-03-16 19:34:53	off
1710614102	2024-03-16 19:35:02	on
1710614104	2024-03-16 19:35:04	off
1710614119	2024-03-16 19:35:19	on
1710614120	2024-03-16 19:35:20	off
