1710618051	2024-03-16 20:40:51	off
1710618193	2024-03-16 20:43:13	on
1710618194	2024-03-16 20:43:14	off
1710618221	2024-03-16 20:43:41	on
1710618223	2024-03-16 20:43:43	off
1710618235	2024-03-16 20:43:55	on
1710618236	2024-03-16 20:43:56	off
1710618240	2024-03-16 20:44:00	on
1710618241	2024-03-16 20:44:01	off
1710618258	2024-03-16 20:44:18	on
1710618259	2024-03-16 20:44:19	off
1710618263	2024-03-16 20:44:23	on
1710618264	2024-03-16 20:44:24	off
1710618273	2024-03-16 20:44:33	on
1710618274	2024-03-16 20:44:34	off
1710618281	2024-03-16 20:44:41	on
1710618282	2024-03-16 20:44:42	off
1710618286	2024-03-16 20:44:46	on
1710618287	2024-03-16 20:44:47	off
1710618350	2024-03-16 20:45:50	on
1710618352	2024-03-16 20:45:52	off
1710618371	2024-03-16 20:46:11	on
1710618373	2024-03-16 20:46:13	off
